"question_id","question","section_id","source_level","recommended_min_score","recommended_max_score","feedback_text","text_source","threshold_evidence"
"Q01","Effective recruitment process","S_PEOPLE_YE","0","0","2","In order to grow, you continuously need new - and good - people. This is often one of the most important challenges for a growth entrepreneur. You indicate that when it comes to finding new employees you find this very difficult. Ultimately, this is a matter of process, attention and time, often especially on the part of the entrepreneur. How much time do you spend on this? More than one day per week?","live sweep, 2026-08-14","range directly observed; 0/3 stored levels have duplicate text"
"Q01","Effective recruitment process","S_PEOPLE_YE","3","3","4","In order to grow, you continuously need new - and good - people. This is often one of the most important challenges for a growth entrepreneur. You indicate that when it comes to finding new employees you find this very difficult. Ultimately, this is a matter of process, attention and time, often especially on the part of the entrepreneur. How much time do you spend on this? More than one day per week?","live sweep, 2026-08-14","range directly observed; 0/3 stored levels have duplicate text"
"Q01","Effective recruitment process","S_PEOPLE_YE","5","5","6","In order to grow, you continuously need new - and good - people. This is often one of the most important challenges for a growth entrepreneur. You indicate that when it comes to finding new employees you find this difficult. Ultimately, this is a matter of process, attention and time, often especially on the part of the entrepreneur. How much time do you spend on this? More than one day per week?","live sweep, 2026-08-14","range directly observed; 0/3 stored levels have duplicate text"
"Q01","Effective recruitment process","S_PEOPLE_YE","7","7","8","In order to grow, you continuously need new - and good - people. This is often one of the most important challenges for a growth entrepreneur. You indicate that when it comes to finding new employees you have this reasonably well under control. That's great. This is most likely due to your recruitment process and the time and attention dedicated towards it. Try to keep this up when you continue to grow.","live sweep, 2026-08-14","range directly observed; 0/3 stored levels have duplicate text"
"Q01","Effective recruitment process","S_PEOPLE_YE","10","9","10","In order to grow, you continuously need new - and good - people. This is often one of the most important challenges for a growth entrepreneur. You indicate that when it comes to finding new employees you are very successful. That's great! This is most likely due to your recruitment process and the time and attention dedicated towards it. Try to keep this up when you continue to grow.","live sweep, 2026-08-14","range directly observed; 0/3 stored levels have duplicate text"
"Q02","High staff retention","S_PEOPLE_YE","0","0","2","Your employee turnover is high. Unwanted turnover is often a sign that processes, strategy or management are not in order. It takes an enormous amount of money and effort to continually find and train new employees. Find out what the reasons are, hold exit interviews and ask yourself whether you yourself would want to work at your company.","uniform-fill Esperto report, 2026-05-01","source stop directly observed; interior range inferred from five-level design"
"Q02","High staff retention","S_PEOPLE_YE","3","3","4","Your employee turnover is high. Unwanted turnover is often a sign that processes, strategy or management are not in order. It takes an enormous amount of money and effort to continually find and train new employees. Find out what the reasons are, hold exit interviews and ask yourself whether you yourself would want to work at your company.","uniform-fill Esperto report, 2026-05-01","source stop directly observed; interior range inferred from five-level design"
"Q02","High staff retention","S_PEOPLE_YE","5","5","6","Your employee turnover is relatively high. Unwanted turnover is often a sign that processes, strategy or management are not in order. It takes an enormous amount of money and effort to continually find and train new employees. Find out what the reasons are, hold exit interviews and ask yourself whether you yourself would want to work at your company.","uniform-fill Esperto report, 2026-05-01","source stop directly observed; interior range inferred from five-level design"
"Q02","High staff retention","S_PEOPLE_YE","7","7","8","Your employee turnover is low. Unwanted turnover is often a sign that processes, strategy or management are not in order. It takes an enormous amount of money and effort to continually find and train new employees. This is hardly a problem for you. That's a good sign. Keep a close eye on this and hold exit interviews with people who leave.","uniform-fill Esperto report, 2026-05-01","source stop directly observed; interior range inferred from five-level design"
"Q02","High staff retention","S_PEOPLE_YE","10","9","10","Your employee turnover is very little / none. Unwanted turnover is often a sign that processes, strategy or management are not in order. It takes an enormous amount of money and effort to continually find and train new employees. This is not a problem for you. That's a good sign. Keep a close eye on this when you start or continue to grow.","uniform-fill Esperto report, 2026-05-01","source stop directly observed; interior range inferred from five-level design"
"Q03","Onboarding program","S_PEOPLE_YE","0","0","2","Employees do not receive a comprehensive onboarding program at your company. While this is understandable for a company of your size, a well-thought-out onboarding program will be an enormous help to employees with regard to learning their job, becoming familiar with the company's core values and getting to know their coworkers. It will help enormously with scaling up your company. It might be good to start thinking about this already.","uniform-fill Esperto report, 2026-05-01","source stop directly observed; interior range inferred from five-level design"
"Q03","Onboarding program","S_PEOPLE_YE","3","3","4","Employees do not receive a comprehensive onboarding program at your company. While this is understandable for a company of your size, a well-thought-out onboarding program will be an enormous help to employees with regard to learning their job, becoming familiar with the company's core values and getting to know their coworkers. It will help enormously with scaling up your company. It might be good to start thinking about this already.","uniform-fill Esperto report, 2026-05-01","source stop directly observed; interior range inferred from five-level design"
"Q03","Onboarding program","S_PEOPLE_YE","5","5","6","Not all employees receive an onboarding program at your company. That really is necessary with a company of your size. A well-thought-out onboarding program will be an enormous help to employees with regard to learning their jobs, becoming familiar with the company's core values and getting to know their coworkers. It will also help with scaling up your company. We recommend that you start taking steps toward this.","uniform-fill Esperto report, 2026-05-01","source stop directly observed; interior range inferred from five-level design"
"Q03","Onboarding program","S_PEOPLE_YE","7","7","8","Employees do receive a type of onboarding program at your company. That's good, because a well-thought-out onboarding program will be an enormous help to employees with regard to learning their jobs, becoming familiar with the company's core values and getting to know their coworkers. It will also help with scaling up your company.","uniform-fill Esperto report, 2026-05-01","source stop directly observed; interior range inferred from five-level design"
"Q03","Onboarding program","S_PEOPLE_YE","10","9","10","Employees receive a comprehensive onboarding program at your company. That's good, because a well-thought-out onboarding program will be an enormous help to employees with regard to learning their jobs, becoming familiar with the company's core values and getting to know their coworkers. It will also help with further scaling up your company. So keep it up.","uniform-fill Esperto report, 2026-05-01","source stop directly observed; interior range inferred from five-level design"
"Q04","Measuring employee satisfaction","S_PEOPLE_YE","0","0","2","You do not yet measure employee satisfaction. That's understandable with a company of your size. You usually know quite well what's going on. This is something for the next phase.","uniform-fill Esperto report, 2026-05-01","source stop directly observed; interior range inferred from five-level design"
"Q04","Measuring employee satisfaction","S_PEOPLE_YE","3","3","4","You do not yet measure employee satisfaction. That's understandable with a company of your size. You usually know quite well what's going on. This is something for the next phase.","uniform-fill Esperto report, 2026-05-01","source stop directly observed; interior range inferred from five-level design"
"Q04","Measuring employee satisfaction","S_PEOPLE_YE","5","5","6","You don't yet systematically measure employee satisfaction. Your company is in the phase where you need to have a systematic understanding of what's going on among your employees. An employee survey is probably a good start in this respect.","uniform-fill Esperto report, 2026-05-01","source stop directly observed; interior range inferred from five-level design"
"Q04","Measuring employee satisfaction","S_PEOPLE_YE","7","7","8","You already measure employee satisfaction. That's remarkable for a relatively small company and a good thing! After all, measuring is knowing.","uniform-fill Esperto report, 2026-05-01","source stop directly observed; interior range inferred from five-level design"
"Q04","Measuring employee satisfaction","S_PEOPLE_YE","10","9","10","You already measure employee satisfaction. That's remarkable for a relatively small company and a good thing! After all, measuring is knowing.","uniform-fill Esperto report, 2026-05-01","source stop directly observed; interior range inferred from five-level design"
"Q05","Positive about re-hiring employees","S_PEOPLE_YE","0","0","2","You would hire few or none of your current employees again. Ouch. This means that you have either postponed a lot of difficult decisions or you simply have a very bad hiring policy. You should work on this, because without good employees you can't grow.","uniform-fill Esperto report, 2026-05-01","source stop directly observed; interior range inferred from five-level design"
"Q05","Positive about re-hiring employees","S_PEOPLE_YE","3","3","4","You would hire few or none of your current employees again. Ouch. This means that you have either postponed a lot of difficult decisions or you simply have a very bad hiring policy. You should work on this, because without good employees you can't grow.","uniform-fill Esperto report, 2026-05-01","source stop directly observed; interior range inferred from five-level design"
"Q05","Positive about re-hiring employees","S_PEOPLE_YE","5","5","6","You would hire few of your current employees again. Ouch. This means that you have either postponed a lot of difficult decisions or you simply have a very bad hiring or development policy. You should work on this, because without good employees you can't grow.","uniform-fill Esperto report, 2026-05-01","source stop directly observed; interior range inferred from five-level design"
"Q05","Positive about re-hiring employees","S_PEOPLE_YE","7","7","8","You would not hire all of your current employees again. That's not illogical. Sometimes the company changes so fast and employees cannot continue on. But do you already have a plan? Often you know something like this for a long time but postpone difficult decisions.","uniform-fill Esperto report, 2026-05-01","source stop directly observed; interior range inferred from five-level design"
"Q05","Positive about re-hiring employees","S_PEOPLE_YE","10","9","10","You would hire all of your current employees again. Congratulations, that's really great. You have worked on your hiring and development policy. Keep it up!","uniform-fill Esperto report, 2026-05-01","source stop directly observed; interior range inferred from five-level design"
"Q06","Every employee has a training plan","S_PEOPLE_YE","0","0","2","Management thinker Tom Peters stated in his latest book 'one of the greatest responsibilities of an employer nowadays is the continuous development of employees'. In fast growing companies, roles are continuously changing, the need for training and education is therefore imperative. In your phase it is logical that this is not up to par, but you might want to start thinking about it.","uniform-fill Esperto report, 2026-05-01","source stop directly observed; interior range inferred from five-level design"
"Q06","Every employee has a training plan","S_PEOPLE_YE","3","3","4","Management thinker Tom Peters stated in his latest book 'one of the greatest responsibilities of an employer nowadays is the continuous development of employees'. In fast growing companies, roles are continuously changing, the need for training and education is therefore imperative. In your phase it is logical that this is not up to par, but you might want to start thinking about it.","uniform-fill Esperto report, 2026-05-01","source stop directly observed; interior range inferred from five-level design"
"Q06","Every employee has a training plan","S_PEOPLE_YE","5","5","6","Management thinker Tom Peters stated in his latest book 'one of the greatest responsibilities of an employer nowadays is the continuous development of employees'. In fast growing companies, roles are continuously changing, the need for training and education is therefore imperative. You have this partially executed. You might want to start thinking about bringing it up to par.","uniform-fill Esperto report, 2026-05-01","source stop directly observed; interior range inferred from five-level design"
"Q06","Every employee has a training plan","S_PEOPLE_YE","7","7","8","Management thinker Tom Peters stated in his latest book 'one of the greatest responsibilities of an employer nowadays is the continuous development of employees'. In fast growing companies, roles are continuously changing, the need for training and education is therefore imperative. You are already working on this. Well done.","uniform-fill Esperto report, 2026-05-01","source stop directly observed; interior range inferred from five-level design"
"Q06","Every employee has a training plan","S_PEOPLE_YE","10","9","10","Management thinker Tom Peters stated in his latest book 'one of the greatest responsibilities of an employer nowadays is the continuous development of employees'. In fast growing companies, roles are continuously changing, the need for training and education is therefore imperative. You have already implemented this. Tom would be proud.","uniform-fill Esperto report, 2026-05-01","source stop directly observed; interior range inferred from five-level design"
"Q07","Outsourcing / Offshoring operations","S_PEOPLE_YE","0","0","2","You are not active with offshoring or outsourcing, this strategy is completely depending on your product/service, cost and scaling strategy.","uniform-fill Esperto report, 2026-05-01","source stop directly observed; interior range inferred from five-level design"
"Q07","Outsourcing / Offshoring operations","S_PEOPLE_YE","3","3","4","You are not active with offshoring or outsourcing, this strategy is completely depending on your product/service, cost and scaling strategy.","uniform-fill Esperto report, 2026-05-01","source stop directly observed; interior range inferred from five-level design"
"Q07","Outsourcing / Offshoring operations","S_PEOPLE_YE","5","5","6","You are somewhat active with offshoring or outsourcing, this strategy is completely depending on your product/service, cost and scaling strategy","uniform-fill Esperto report, 2026-05-01","source stop directly observed; interior range inferred from five-level design"
"Q07","Outsourcing / Offshoring operations","S_PEOPLE_YE","7","7","8","You are active with offshoring or outsourcing, this strategy is completely depending on your product/service, cost and scaling strategy.","uniform-fill Esperto report, 2026-05-01","source stop directly observed; interior range inferred from five-level design"
"Q07","Outsourcing / Offshoring operations","S_PEOPLE_YE","10","9","10","You are very active with offshoring or outsourcing, this strategy is completely depending on your product/service, cost and scaling strategy.","uniform-fill Esperto report, 2026-05-01","source stop directly observed; interior range inferred from five-level design"
"Q08","We apply flat-management or self-steering/organizing teams","S_PEOPLE_YE","0","0","2","You have not implemented new management models, when things work for you, don't change.","uniform-fill Esperto report, 2026-05-01","source stop directly observed; interior range inferred from five-level design"
"Q08","We apply flat-management or self-steering/organizing teams","S_PEOPLE_YE","3","3","4","You have not implemented new management models, when things work for you, don't change.","uniform-fill Esperto report, 2026-05-01","source stop directly observed; interior range inferred from five-level design"
"Q08","We apply flat-management or self-steering/organizing teams","S_PEOPLE_YE","5","5","6","You have somewhat implemented new management models. With your company size it is risky to experiment. Please note that changing management models often has great impact on people and culture. Mostly positive, but not always.","uniform-fill Esperto report, 2026-05-01","source stop directly observed; interior range inferred from five-level design"
"Q08","We apply flat-management or self-steering/organizing teams","S_PEOPLE_YE","7","7","8","You are active with the implementation of new management models. Interesting, we hope this helps scaling your company better and faster.","uniform-fill Esperto report, 2026-05-01","source stop directly observed; interior range inferred from five-level design"
"Q08","We apply flat-management or self-steering/organizing teams","S_PEOPLE_YE","10","9","10","You have fully implemented a new management model. Well done, we hope it will help you scale and grow.","uniform-fill Esperto report, 2026-05-01","source stop directly observed; interior range inferred from five-level design"
"Q09","We have Core values","S_PEOPLE_CC","0","0","2","Core values are the internal 'rules of the game'. It's essential to have this very clear if you start growing quickly, but in small organizations it's often not yet necessary to make this explicit.","uniform-fill Esperto report, 2026-05-01","source stop directly observed; interior range inferred from five-level design"
"Q09","We have Core values","S_PEOPLE_CC","3","3","4","Core values are the internal 'rules of the game'. It's essential to have this very clear if you start growing quickly, but in small organizations it's often not yet necessary to make this explicit.","uniform-fill Esperto report, 2026-05-01","source stop directly observed; interior range inferred from five-level design"
"Q09","We have Core values","S_PEOPLE_CC","5","5","6","Core values are the internal 'rules of the game'. It's essential to have absolute clarity on this if you start or continue to grow rapidly. In your phase it's necessary to have a clearer picture on the core values, especially if you regularly hire new people. You have started on this. Finish, refine and communicate, is what we recommend.","uniform-fill Esperto report, 2026-05-01","source stop directly observed; interior range inferred from five-level design"
"Q09","We have Core values","S_PEOPLE_CC","7","7","8","Core values are the internal 'rules of the game'. It's essential to have this very clear if you start growing quickly, but in small organizations it's often not yet necessary to make this explicit. But you have certainly come a long way. Try to critically examine the core values on a regular basis. A lot always changes in a small organization.","uniform-fill Esperto report, 2026-05-01","source stop directly observed; interior range inferred from five-level design"
"Q09","We have Core values","S_PEOPLE_CC","10","9","10","Core values are the internal 'rules of the game'. It's essential to have this very clear if you start growing quickly, but in small organizations it's often not yet necessary to make this explicit. But at least you are clear on this. Try to critically examine the core values on a regular basis. A lot always changes in a small organization.","uniform-fill Esperto report, 2026-05-01","source stop directly observed; interior range inferred from five-level design"
"Q10","We have focus on customers' needs","S_PEOPLE_CC","0","0","2","Growth often creates increased management attention to internal matters, employees, new premises, computer systems, etc. The most rapidly growing and successful companies keep a sharp focus on the continuously (changing) needs of the customer. Making and keeping this focus and attention explicit is important, especially in this phase of your company.","uniform-fill Esperto report, 2026-05-01","source stop directly observed; interior range inferred from five-level design"
"Q10","We have focus on customers' needs","S_PEOPLE_CC","3","3","4","Growth often creates increased management attention to internal matters, employees, new premises, computer systems, etc. The most rapidly growing and successful companies keep a sharp focus on the continuously (changing) needs of the customer. Making and keeping this focus and attention explicit is important, especially in this phase of your company.","uniform-fill Esperto report, 2026-05-01","source stop directly observed; interior range inferred from five-level design"
"Q10","We have focus on customers' needs","S_PEOPLE_CC","5","5","6","Growth often creates increased management attention to internal matters, employees, new premises, computer systems, etc. The most rapidly growing and successful companies keep a sharp focus on the continuously (changing) needs of the customer. Making and keeping this focus and attention explicit is important, especially in this phase of your company.","uniform-fill Esperto report, 2026-05-01","source stop directly observed; interior range inferred from five-level design"
"Q10","We have focus on customers' needs","S_PEOPLE_CC","7","7","8","Growth often creates increased management attention to internal matters, employees, new premises, computer systems, etc. The most rapidly growing and successful companies keep a sharp focus on the continuously (changing) needs of the customer. You have already gotten far; keep it up!","uniform-fill Esperto report, 2026-05-01","source stop directly observed; interior range inferred from five-level design"
"Q10","We have focus on customers' needs","S_PEOPLE_CC","10","9","10","Growth often creates increased management attention to internal matters, employees, new premises, computer systems, etc. The most rapidly growing and successful companies keep a sharp focus on the continuously (changing) needs of the customer. You have that completely under control. Keep it up, even during your next growth phases.","uniform-fill Esperto report, 2026-05-01","source stop directly observed; interior range inferred from five-level design"
"Q11","Employees know core values","S_PEOPLE_CC","0","0","2","You have not formulated any core values. That's less important in your phase. Because of the small team, everyone subconsciously knows what's important. However, if you grow and hire new employees, it will be increasingly important to make this explicitly clear.","uniform-fill Esperto report, 2026-05-01","source stop directly observed; interior range inferred from five-level design"
"Q11","Employees know core values","S_PEOPLE_CC","3","3","4","You have not formulated any core values. That's less important in your phase. Because of the small team, everyone subconsciously knows what's important. However, if you grow and hire new employees, it will be increasingly important to make this explicitly clear.","uniform-fill Esperto report, 2026-05-01","source stop directly observed; interior range inferred from five-level design"
"Q11","Employees know core values","S_PEOPLE_CC","5","5","6","You have formulated core values; however, if these are not paid continuous attention - especially when you grow and regularly hire employees - these will not be effective. In your phase, it's really essential to work hard on this. Start with regular communication and create dialogue around these core values.","uniform-fill Esperto report, 2026-05-01","source stop directly observed; interior range inferred from five-level design"
"Q11","Employees know core values","S_PEOPLE_CC","7","7","8","You have formulated core values, and your employees are reasonably familiar with them. That's very good in your phase. This will be increasingly important as you grow. Therefore, keep these values alive.","uniform-fill Esperto report, 2026-05-01","source stop directly observed; interior range inferred from five-level design"
"Q11","Employees know core values","S_PEOPLE_CC","10","9","10","You have formulated core values, and your employees know all of them well and act accordingly. That's really a job well done. Keep this very clear when you continue to grow into the next phase.","uniform-fill Esperto report, 2026-05-01","source stop directly observed; interior range inferred from five-level design"
"Q12","We are transparent","S_PEOPLE_CC","0","0","2","Transparency of information (about customers, sales, goals, growth, etc.) produces greater employee involvement. In addition, it often prevents internal ""politics"". It would be beneficial for you to start considering what information you are willing to share.","uniform-fill Esperto report, 2026-05-01","source stop directly observed; interior range inferred from five-level design"
"Q12","We are transparent","S_PEOPLE_CC","3","3","4","Transparency of information (about customers, sales, goals, growth, etc.) produces greater employee involvement. In addition, it often prevents internal ""politics"". It would be beneficial for you to start considering what information you are willing to share.","uniform-fill Esperto report, 2026-05-01","source stop directly observed; interior range inferred from five-level design"
"Q12","We are transparent","S_PEOPLE_CC","5","5","6","Transparency of information (about customers, sales, goals, growth, etc.) produces greater employee involvement. In addition, it often prevents internal ""politics"". It would be good if you could start thinking about what information you are even more willing to share.","uniform-fill Esperto report, 2026-05-01","source stop directly observed; interior range inferred from five-level design"
"Q12","We are transparent","S_PEOPLE_CC","7","7","8","Transparency of information (about customers, sales, goals, growth, etc.) produces greater employee involvement. In addition, it often prevents internal ""politics"". You have already achieved reasonable transparency, which is good. Maybe you can increase this transparency even more by examining what information you want to share.","uniform-fill Esperto report, 2026-05-01","source stop directly observed; interior range inferred from five-level design"
"Q12","We are transparent","S_PEOPLE_CC","10","9","10","Transparency of information (about customers, sales, goals, growth, etc.) produces greater employee involvement. In addition, it often prevents internal ""politics"". You are already doing very well in this area. Keep it up!","uniform-fill Esperto report, 2026-05-01","source stop directly observed; interior range inferred from five-level design"
"Q13","We have a positive and healthy culture","S_PEOPLE_CC","0","0","2","""Culture eats Strategy for breakfast"" is a famous quote from management guru Peter Drucker. The outside world is changing rapidly, but a positive and healthy culture in which employees take responsibility, think along and always act in the interest of the company is therefore an enormous ""asset"". You still have a small company, but it would be good to start working on such a culture already now.","uniform-fill Esperto report, 2026-05-01","source stop directly observed; interior range inferred from five-level design"
"Q13","We have a positive and healthy culture","S_PEOPLE_CC","3","3","4","""Culture eats Strategy for breakfast"" is a famous quote from management guru Peter Drucker. The outside world is changing rapidly, but a positive and healthy culture in which employees take responsibility, think along and always act in the interest of the company is therefore an enormous ""asset"". You still have a small company, but it would be good to start working on such a culture already now.","uniform-fill Esperto report, 2026-05-01","source stop directly observed; interior range inferred from five-level design"
"Q13","We have a positive and healthy culture","S_PEOPLE_CC","5","5","6","""Culture eats Strategy for breakfast"" is a famous quote from management guru Peter Drucker. The outside world is changing rapidly, but a positive and healthy culture in which employees take responsibility, think along and always act in the interest of the company is therefore an enormous ""asset"". Given your size, it is very important that you quickly start working on such a culture even more consciously.","uniform-fill Esperto report, 2026-05-01","source stop directly observed; interior range inferred from five-level design"
"Q13","We have a positive and healthy culture","S_PEOPLE_CC","7","7","8","""Culture eats Strategy for breakfast"" is a famous quote from management guru Peter Drucker. The outside world is changing rapidly, but a positive and healthy culture in which employees take responsibility, think along and always act in the interest of the company is therefore an enormous ""asset"". You still have a small business and you have made a good start with your culture, make sure you stick with it as you grow.","uniform-fill Esperto report, 2026-05-01","source stop directly observed; interior range inferred from five-level design"
"Q13","We have a positive and healthy culture","S_PEOPLE_CC","10","9","10","""Culture eats Strategy for breakfast"" is a famous quote from management guru Peter Drucker. The outside world is changing rapidly, but a positive and healthy culture in which employees take responsibility, think along and always act in the interest of the company is therefore an enormous ""asset"". You still have a small business and you have a strong and healthy culture, make sure you stick to it as you grow further.","uniform-fill Esperto report, 2026-05-01","source stop directly observed; interior range inferred from five-level design"
"Q14","We have formulated a long term (non-financial) goal","S_STRATEGY","0","0","2","You have not yet formulated a clear long-term goal. That's too bad, because a long-term goal provides direction and context and above all motivation for all employees. Companies that do this effectively are at an enormous advantage.","uniform-fill Esperto report, 2026-05-01","source stop directly observed; interior range inferred from five-level design"
"Q14","We have formulated a long term (non-financial) goal","S_STRATEGY","3","3","4","You have not yet formulated a clear long-term goal. That's too bad, because a long-term goal provides direction and context and above all motivation for all employees. Companies that do this effectively are at an enormous advantage.","uniform-fill Esperto report, 2026-05-01","source stop directly observed; interior range inferred from five-level design"
"Q14","We have formulated a long term (non-financial) goal","S_STRATEGY","5","5","6","You have not yet formulated a clear long-term goal, but you have begun to do so. That's great, because a long-term goal provides direction and context and above all motivation for all employees. Companies that do this effectively are at an enormous advantage. Good luck formulating your goal!","uniform-fill Esperto report, 2026-05-01","source stop directly observed; interior range inferred from five-level design"
"Q14","We have formulated a long term (non-financial) goal","S_STRATEGY","7","7","8","You have already come far with the formulation of your long-term goal. That's great, because a long-term goal provides direction and context and above all motivation for all employees. Companies that do this effectively are at an enormous advantage. Good luck formulating your goal.","uniform-fill Esperto report, 2026-05-01","source stop directly observed; interior range inferred from five-level design"
"Q14","We have formulated a long term (non-financial) goal","S_STRATEGY","10","9","10","You have formulated a long-term goal. That's great, because a long-term goal provides direction and context and above all motivation for all employees. Companies that do this effectively are at an enormous advantage. Try keeping this ""alive"" and repeating it as much as possible.","uniform-fill Esperto report, 2026-05-01","source stop directly observed; interior range inferred from five-level design"
"Q15","We have formulated yearly goals","S_STRATEGY","0","0","2","The clearer and more measurably you formulate your goals (both financially and organizationally or with regard to product or market development), the higher the chance that you will also achieve those goals. This will have a clarifying and motivating effect and ensure growth. It's time to get started!","uniform-fill Esperto report, 2026-05-01","source stop directly observed; interior range inferred from five-level design"
"Q15","We have formulated yearly goals","S_STRATEGY","3","3","4","The clearer and more measurably you formulate your goals (both financially and organizationally or with regard to product or market development), the higher the chance that you will also achieve those goals. This will have a clarifying and motivating effect and ensure growth. It's time to get started!","uniform-fill Esperto report, 2026-05-01","source stop directly observed; interior range inferred from five-level design"
"Q15","We have formulated yearly goals","S_STRATEGY","5","5","6","You do not yet formulate clear, measurable annual goals. The clearer and more measurably you formulate your goals (both financially and organizationally or with regard to product or market development), the higher the chance that you will also achieve those goals. This will have a clarifying and motivating effect and ensure growth. Given the size of your company, we recommend that you implement this as soon as possible.","uniform-fill Esperto report, 2026-05-01","source stop directly observed; interior range inferred from five-level design"
"Q15","We have formulated yearly goals","S_STRATEGY","7","7","8","You are already doing a good job of formulating measurable annual goals. That's good news. The clearer and more measurably you formulate your goals (both financially and organizationally or with regard to product or market development), the higher the chance that you will also achieve those goals. This will have a clarifying and motivating effect and ensure growth.","uniform-fill Esperto report, 2026-05-01","source stop directly observed; interior range inferred from five-level design"
"Q15","We have formulated yearly goals","S_STRATEGY","10","9","10","You have the process of measurable annual goals well under control. That's good news. The clearer and more measurably you formulate your goals (both financially and organizationally or with regard to product or market development), the higher the chance that you will also achieve those goals. Keep it up!","uniform-fill Esperto report, 2026-05-01","source stop directly observed; interior range inferred from five-level design"
"Q16","We have formulated quarterly/ monthly goals (other than financial goals)","S_STRATEGY","0","0","2","You have no monthly or quarterly goals. Ouch. Monthly or quarterly goals give you guidance and direction and ensure that you will achieve your annual goals. Think of them as ""small sprints"" that you have to win in order to achieve your annual goal. Fast growers are very disciplined in this process.","uniform-fill Esperto report, 2026-05-01","source stop directly observed; interior range inferred from five-level design"
"Q16","We have formulated quarterly/ monthly goals (other than financial goals)","S_STRATEGY","3","3","4","You have no monthly or quarterly goals. Ouch. Monthly or quarterly goals give you guidance and direction and ensure that you will achieve your annual goals. Think of them as ""small sprints"" that you have to win in order to achieve your annual goal. Fast growers are very disciplined in this process.","uniform-fill Esperto report, 2026-05-01","source stop directly observed; interior range inferred from five-level design"
"Q16","We have formulated quarterly/ monthly goals (other than financial goals)","S_STRATEGY","5","5","6","You have started setting measurable monthly or quarterly goals. Given the size of your company, it's important to continue to implement this quickly. After all, monthly or quarterly goals give you guidance and ensure that you will achieve your annual goals. Think of them as ""small sprints"" that you have to win in order to achieve your annual goal. Fast growers are very disciplined in this process.","uniform-fill Esperto report, 2026-05-01","source stop directly observed; interior range inferred from five-level design"
"Q16","We have formulated quarterly/ monthly goals (other than financial goals)","S_STRATEGY","7","7","8","You have already come far with measurable monthly or quarterly goals. That's great, because monthly or quarterly goals give you guidance and direction and ensure that you will achieve your annual goals. Try making this into a regular process.","uniform-fill Esperto report, 2026-05-01","source stop directly observed; interior range inferred from five-level design"
"Q16","We have formulated quarterly/ monthly goals (other than financial goals)","S_STRATEGY","10","9","10","You have the process of monthly and quarterly goals entirely under your thumb. That's good, because the fastest growers are very disciplined in this process.","uniform-fill Esperto report, 2026-05-01","source stop directly observed; interior range inferred from five-level design"
"Q17","We work with a strategic plan","S_STRATEGY","0","0","2","You do not yet have a business plan. Maybe this isn't necessary yet in your phase. But establishing your goals, strategy and action plan can bring about a lot of clarity and teach you to anticipate certain challenges. When should you hire someone? What will the marketing strategy be? You have to make many difficult choices; a complete overview and plan will help you with this.","uniform-fill Esperto report, 2026-05-01","source stop directly observed; interior range inferred from five-level design"
"Q17","We work with a strategic plan","S_STRATEGY","3","3","4","You do not yet have a business plan. Maybe this isn't necessary yet in your phase. But establishing your goals, strategy and action plan can bring about a lot of clarity and teach you to anticipate certain challenges. When should you hire someone? What will the marketing strategy be? You have to make many difficult choices; a complete overview and plan will help you with this.","uniform-fill Esperto report, 2026-05-01","source stop directly observed; interior range inferred from five-level design"
"Q17","We work with a strategic plan","S_STRATEGY","5","5","6","You have started putting together a business plan. Given the size of your company this seems quite late. Establishing your goals, strategy and action plan can bring about a lot of clarity and teach you to anticipate certain challenges. When should you hire someone? What will the marketing strategy be? You have to make many difficult choices; a complete overview and plan will help you with this, including in the financial aspect.","uniform-fill Esperto report, 2026-05-01","source stop directly observed; interior range inferred from five-level design"
"Q17","We work with a strategic plan","S_STRATEGY","7","7","8","You have already come far with working with a business plan; that's good. Establishing your goals, strategy and action plan can bring about a lot of clarity and teach you to anticipate certain challenges. When should you hire someone? What will the marketing strategy be? You have to make many difficult choices; a complete overview and plan will help you with this.","uniform-fill Esperto report, 2026-05-01","source stop directly observed; interior range inferred from five-level design"
"Q17","We work with a strategic plan","S_STRATEGY","10","9","10","You have a well-thought-out business plan and are working with it; that's super! Establishing your goals, strategy and action plan can bring about a lot of clarity and teach you to anticipate certain challenges. That's the right approach to growing!","uniform-fill Esperto report, 2026-05-01","source stop directly observed; interior range inferred from five-level design"
"Q18","Each employee has personalized goals","S_STRATEGY","0","0","2","You haven't started working on personal goals yet. Team goals and personal goals are the next step in working efficiently. This creates clarity, commitment, personal responsibility and motivation. Think about how this would work at your company.","uniform-fill Esperto report, 2026-05-01","source stop directly observed; interior range inferred from five-level design"
"Q18","Each employee has personalized goals","S_STRATEGY","3","3","4","You haven't started working on personal goals yet. Team goals and personal goals are the next step in working efficiently. This creates clarity, commitment, personal responsibility and motivation. Think about how this would work at your company.","uniform-fill Esperto report, 2026-05-01","source stop directly observed; interior range inferred from five-level design"
"Q18","Each employee has personalized goals","S_STRATEGY","5","5","6","You have started working on personal goals; that's good. Team goals and personal goals are the next step in working efficiently. This creates clarity, commitment, personal responsibility and motivation. Good luck working out your personal goals in further detail.","uniform-fill Esperto report, 2026-05-01","source stop directly observed; interior range inferred from five-level design"
"Q18","Each employee has personalized goals","S_STRATEGY","7","7","8","You have already come far with implementing personal goals; that's good. Team goals and personal goals are the next step in working efficiently. This creates clarity, commitment, personal responsibility and motivation. Good luck with your continued implementation.","uniform-fill Esperto report, 2026-05-01","source stop directly observed; interior range inferred from five-level design"
"Q18","Each employee has personalized goals","S_STRATEGY","10","9","10","You have fully and properly implemented goals at the employee level. That's great! You will have noticed that this creates clarity, commitment, personal responsibility and motivation.","uniform-fill Esperto report, 2026-05-01","source stop directly observed; interior range inferred from five-level design"
"Q19","We have implemented a growth methodology","S_STRATEGY","0","0","2","You have not yet implemented a growth methodology. That is logical in the phase that your company is in. However, it's never too early to start thinking about that.","uniform-fill Esperto report, 2026-05-01","source stop directly observed; interior range inferred from five-level design"
"Q19","We have implemented a growth methodology","S_STRATEGY","3","3","4","You have not yet implemented a growth methodology. That is logical in the phase that your company is in. However, it's never too early to start thinking about that.","uniform-fill Esperto report, 2026-05-01","source stop directly observed; interior range inferred from five-level design"
"Q19","We have implemented a growth methodology","S_STRATEGY","5","5","6","You have somewhat implemented a growth methodology. The larger you grow, the more difficult it is to implement new ways of working. Now would be the time to speed up implementation of the type of leadership, systems and processes that will propel your growth.","uniform-fill Esperto report, 2026-05-01","source stop directly observed; interior range inferred from five-level design"
"Q19","We have implemented a growth methodology","S_STRATEGY","7","7","8","You are actively implementing a growth methodology. Good work! This will create a strong foundation for your future scaling up.","uniform-fill Esperto report, 2026-05-01","source stop directly observed; interior range inferred from five-level design"
"Q19","We have implemented a growth methodology","S_STRATEGY","10","9","10","You have already fully implemented a growth methodology, that is remarkable for the phase where your company is in. That will create a strong foundation for scaling up. Well done","uniform-fill Esperto report, 2026-05-01","source stop directly observed; interior range inferred from five-level design"
"Q20","We have an active acquisitions strategy","S_STRATEGY","0","0","2","You are not active with acquisitions, that seems logical for the company your size.","uniform-fill Esperto report, 2026-05-01","source stop directly observed; interior range inferred from five-level design"
"Q20","We have an active acquisitions strategy","S_STRATEGY","3","3","4","You are not active with acquisitions, that seems logical for the company your size.","uniform-fill Esperto report, 2026-05-01","source stop directly observed; interior range inferred from five-level design"
"Q20","We have an active acquisitions strategy","S_STRATEGY","5","5","6","You are somewhat active with acquisitions or maybe you are considering it. Please understand that acquisitions consume much leadership time and attention. Note that 70% of the acquisitions turns out to be disappointing.","uniform-fill Esperto report, 2026-05-01","source stop directly observed; interior range inferred from five-level design"
"Q20","We have an active acquisitions strategy","S_STRATEGY","7","7","8","You are active with acquisitions, that seems illogical for the company your size.","uniform-fill Esperto report, 2026-05-01","source stop directly observed; interior range inferred from five-level design"
"Q20","We have an active acquisitions strategy","S_STRATEGY","10","9","10","It's exceptional and interesting that in a company of your size you are already making acquisitions. Hopefully you are able to absorb and integrate. The largest challenges usually present themselves in different company cultures.","uniform-fill Esperto report, 2026-05-01","source stop directly observed; interior range inferred from five-level design"
"Q21","Tasks are properly allocated","S_EXEC_LT","0","0","2","You do not yet have an efficient leadership team. That's not unusual in your phase. However, for the next growth step you should start thinking about the form and composition of the management. This will help you create more involvement and make the company less dependent on you.","uniform-fill Esperto report, 2026-05-01","source stop directly observed; interior range inferred from five-level design"
"Q21","Tasks are properly allocated","S_EXEC_LT","3","3","4","You do not yet have an efficient leadership team. That's not unusual in your phase. However, for the next growth step you should start thinking about the form and composition of the management. This will help you create more involvement and make the company less dependent on you.","uniform-fill Esperto report, 2026-05-01","source stop directly observed; interior range inferred from five-level design"
"Q21","Tasks are properly allocated","S_EXEC_LT","5","5","6","You do not yet have an efficient leadership team. That's very problematic in your phase. Decisions must increasingly be discussed, made, accounted for and above all implemented by the group. Now you are doing most of it yourself, which places unjustified pressure on you as an entrepreneur, manager and leader.","uniform-fill Esperto report, 2026-05-01","source stop directly observed; interior range inferred from five-level design"
"Q21","Tasks are properly allocated","S_EXEC_LT","7","7","8","You are already doing well with assembling a leadership team. This will help you create more involvement and make the company less dependent on you.","uniform-fill Esperto report, 2026-05-01","source stop directly observed; interior range inferred from five-level design"
"Q21","Tasks are properly allocated","S_EXEC_LT","10","9","10","You have already set up an efficient team. However, you should not make the mistake of only making your original employees leaders. Keep thinking about how best to shape your leadership team, also with a view to the future.","uniform-fill Esperto report, 2026-05-01","source stop directly observed; interior range inferred from five-level design"
"Q22","We have weekly management meetings.","S_EXEC_LT","0","0","2","You have not yet implemented a weekly leadership meeting. In order to create structure, it's good to implement a regular management meeting and systematically determine decisions and actions.","uniform-fill Esperto report, 2026-05-01","source stop directly observed; interior range inferred from five-level design"
"Q22","We have weekly management meetings.","S_EXEC_LT","3","3","4","You have not yet implemented a weekly leadership meeting. In order to create structure, it's good to implement a regular management meeting and systematically determine decisions and actions.","uniform-fill Esperto report, 2026-05-01","source stop directly observed; interior range inferred from five-level design"
"Q22","We have weekly management meetings.","S_EXEC_LT","5","5","6","You occasionally have meetings with your leaders. This seems very unusual given the size of your company. You should implement a set schedule and systematically make all decisions. Having regular weekly meetings with your most important leaders is essential for making the right decisions together and monitoring progress.","uniform-fill Esperto report, 2026-05-01","source stop directly observed; interior range inferred from five-level design"
"Q22","We have weekly management meetings.","S_EXEC_LT","7","7","8","You have leadership meetings on a regular basis. However, weekly management meetings seem to be best. You should consider the weekly meeting primarily as a system for making decisions together and monitoring progress.","uniform-fill Esperto report, 2026-05-01","source stop directly observed; interior range inferred from five-level design"
"Q22","We have weekly management meetings.","S_EXEC_LT","10","9","10","You have set leadership meetings. That's good. You should still try to use the weekly meeting for making decisions together and monitoring progress.","uniform-fill Esperto report, 2026-05-01","source stop directly observed; interior range inferred from five-level design"
"Q23","We have periodic strategic sessions.","S_EXEC_LT","0","0","2","You do not yet have strategic sessions. It is important - including in your phase - to involve employees in your long-term planning. That's why you should start planning strategic sessions with all - or your most important - employees.","uniform-fill Esperto report, 2026-05-01","source stop directly observed; interior range inferred from five-level design"
"Q23","We have periodic strategic sessions.","S_EXEC_LT","3","3","4","You do not yet have strategic sessions. It is important - including in your phase - to involve employees in your long-term planning. That's why you should start planning strategic sessions with all - or your most important - employees.","uniform-fill Esperto report, 2026-05-01","source stop directly observed; interior range inferred from five-level design"
"Q23","We have periodic strategic sessions.","S_EXEC_LT","5","5","6","You occasionally have sessions where you develop longer-term plans. Regular mutual consultation about the strategic direction of the company often leads to more effective operations, wider acceptance of decisions and therefore growth.","uniform-fill Esperto report, 2026-05-01","source stop directly observed; interior range inferred from five-level design"
"Q23","We have periodic strategic sessions.","S_EXEC_LT","7","7","8","You have regular sessions where you develop longer-term plans. That's good. Regular mutual consultation about the strategic direction of the company often leads to more effective operations, wider acceptance of decisions and therefore growth.","uniform-fill Esperto report, 2026-05-01","source stop directly observed; interior range inferred from five-level design"
"Q23","We have periodic strategic sessions.","S_EXEC_LT","10","9","10","Your longer-term planning is in order; that's a good start for accelerating growth.","uniform-fill Esperto report, 2026-05-01","source stop directly observed; interior range inferred from five-level design"
"Q24","Leadership team receives regular training","S_EXEC_LT","0","0","2","When your organization is growing rapidly and therefore constantly changing, it is important - even at smaller organizations - for everyone to continue learning. We advise you to start doing this.","uniform-fill Esperto report, 2026-05-01","source stop directly observed; interior range inferred from five-level design"
"Q24","Leadership team receives regular training","S_EXEC_LT","3","3","4","When your organization is growing rapidly and therefore constantly changing, it is important - even at smaller organizations - for everyone to continue learning. We advise you to start doing this.","uniform-fill Esperto report, 2026-05-01","source stop directly observed; interior range inferred from five-level design"
"Q24","Leadership team receives regular training","S_EXEC_LT","5","5","6","Training and education for your organization's leadership team is not yet in order. It's time to improve this situation.","uniform-fill Esperto report, 2026-05-01","source stop directly observed; interior range inferred from five-level design"
"Q24","Leadership team receives regular training","S_EXEC_LT","7","7","8","Most members get training or education from time to time. That's a good start. After all, when your organization is growing rapidly and therefore constantly changing, it is important - even at smaller organizations - for everyone to continue learning.","uniform-fill Esperto report, 2026-05-01","source stop directly observed; interior range inferred from five-level design"
"Q24","Leadership team receives regular training","S_EXEC_LT","10","9","10","The members of your management team receive regular training or education. That's good, because when you grow, everything is constantly changing. Continuous learning is important in this case.","uniform-fill Esperto report, 2026-05-01","source stop directly observed; interior range inferred from five-level design"
"Q25","Our goals are translated into clear KPIs","S_EXEC_OP","0","0","2","Making goals measurable is an important step towards creating personal accountability and professionalizing processes. This includes numbers of leads, received applications, IT development, etc. With a company of your size this is usually still a step too early, but it is perhaps something to think about if you start to grow.","uniform-fill Esperto report, 2026-05-01","source stop directly observed; interior range inferred from five-level design"
"Q25","Our goals are translated into clear KPIs","S_EXEC_OP","3","3","4","Making goals measurable is an important step towards creating personal accountability and professionalizing processes. This includes numbers of leads, received applications, IT development, etc. With a company of your size this is usually still a step too early, but it is perhaps something to think about if you start to grow.","uniform-fill Esperto report, 2026-05-01","source stop directly observed; interior range inferred from five-level design"
"Q25","Our goals are translated into clear KPIs","S_EXEC_OP","5","5","6","You have already started working on making your goals measurable. That's great; this is an important step towards creating personal accountability and professionalizing processes. This includes numbers of leads, received applications, IT development, etc. This can be especially important if you grow, in order to keep everything under control.","uniform-fill Esperto report, 2026-05-01","source stop directly observed; interior range inferred from five-level design"
"Q25","Our goals are translated into clear KPIs","S_EXEC_OP","7","7","8","You have already gotten far with making your goals measurable. That's great; this is an important step towards creating personal accountability and professionalizing processes. This includes numbers of leads, received applications, IT development, etc. This can be especially important if you grow, in order to keep everything under control.","uniform-fill Esperto report, 2026-05-01","source stop directly observed; interior range inferred from five-level design"
"Q25","Our goals are translated into clear KPIs","S_EXEC_OP","10","9","10","You have already translated your goals into measurable indicators. That's great; this is an important step towards creating personal accountability and professionalizing processes. This includes numbers of leads, received applications, IT development, etc. This can be especially important if you grow, in order to keep everything under control.","uniform-fill Esperto report, 2026-05-01","source stop directly observed; interior range inferred from five-level design"
"Q26","We use real-time data to measure our performance","S_EXEC_OP","0","0","2","Because of the size of your company, perhaps you know exactly ""what's going on"". However, if you start to grow you will have to have up-to-date information available, both for yourself as well as for your employees. It's time to think about this.","uniform-fill Esperto report, 2026-05-01","source stop directly observed; interior range inferred from five-level design"
"Q26","We use real-time data to measure our performance","S_EXEC_OP","3","3","4","Because of the size of your company, perhaps you know exactly ""what's going on"". However, if you start to grow you will have to have up-to-date information available, both for yourself as well as for your employees. It's time to think about this.","uniform-fill Esperto report, 2026-05-01","source stop directly observed; interior range inferred from five-level design"
"Q26","We use real-time data to measure our performance","S_EXEC_OP","5","5","6","You have started creating accurate data for guiding your company. That's good, but you should continue down this path because otherwise this will likely increasingly lead to mistakes, wrong decisions and problems and later - if you continue to grow - you'll inevitably end up in trouble.","uniform-fill Esperto report, 2026-05-01","source stop directly observed; interior range inferred from five-level design"
"Q26","We use real-time data to measure our performance","S_EXEC_OP","7","7","8","You have already gotten far with creating accurate data to use to guide your company. That's a good initiative and essential for controlling your continued growth.","uniform-fill Esperto report, 2026-05-01","source stop directly observed; interior range inferred from five-level design"
"Q26","We use real-time data to measure our performance","S_EXEC_OP","10","9","10","Wow, you already have a system in place where you can see exactly how far you have come in achieving your short-term goals. That's great; you'll definitely need this in your next growth phase.","uniform-fill Esperto report, 2026-05-01","source stop directly observed; interior range inferred from five-level design"
"Q27","We grow with limited mistakes, errors and problems","S_EXEC_OP","0","0","2","Work pressure and lack of process often lead to coordination problems and mistakes. That's a shame and could potentially damage your reputation among customers. It's time to take stock of the processes and make clear arrangements. If you don't like doing this yourself, ask an employee to make this number one priority. If you don't resolve this, it will only get worse.","uniform-fill Esperto report, 2026-05-01","source stop directly observed; interior range inferred from five-level design"
"Q27","We grow with limited mistakes, errors and problems","S_EXEC_OP","3","3","4","Work pressure and lack of process often lead to coordination problems and mistakes. That's a shame and could potentially damage your reputation among customers. It's time to take stock of the processes and make clear arrangements. If you don't like doing this yourself, ask an employee to make this number one priority. If you don't resolve this, it will only get worse.","uniform-fill Esperto report, 2026-05-01","source stop directly observed; interior range inferred from five-level design"
"Q27","We grow with limited mistakes, errors and problems","S_EXEC_OP","5","5","6","You have started coordinating and standardizing, but things still go wrong on a regular basis. It's time to pay even more attention to taking stock of processes and making clear agreements. This is necessary for handling the next growth phase. Scalability is created by standardization, among other things.","uniform-fill Esperto report, 2026-05-01","source stop directly observed; interior range inferred from five-level design"
"Q27","We grow with limited mistakes, errors and problems","S_EXEC_OP","7","7","8","Few things go wrong. Do ensure that your processes also run flawlessly if you start to grow. This is not often the case.","uniform-fill Esperto report, 2026-05-01","source stop directly observed; interior range inferred from five-level design"
"Q27","We grow with limited mistakes, errors and problems","S_EXEC_OP","10","9","10","You have things well under control. You make extremely few ""error costs."" Do ensure that your processes also run flawlessly if you start to grow. This is not often the case.","uniform-fill Esperto report, 2026-05-01","source stop directly observed; interior range inferred from five-level design"
"Q28","We measure customer satisfaction","S_EXEC_OP","0","0","2","You do not yet measure customer satisfaction. That's too bad, because this provides important input for the further development of your products and processes. In any case, you should try having regular contact with customers to find out what you can improve.","uniform-fill Esperto report, 2026-05-01","source stop directly observed; interior range inferred from five-level design"
"Q28","We measure customer satisfaction","S_EXEC_OP","3","3","4","You do not yet measure customer satisfaction. That's too bad, because this provides important input for the further development of your products and processes. In any case, you should try having regular contact with customers to find out what you can improve.","uniform-fill Esperto report, 2026-05-01","source stop directly observed; interior range inferred from five-level design"
"Q28","We measure customer satisfaction","S_EXEC_OP","5","5","6","You have started occasionally measuring your customers' satisfaction. That's great. Try to ""institutionalize"" this process and see what you can improve every day, week or month.","uniform-fill Esperto report, 2026-05-01","source stop directly observed; interior range inferred from five-level design"
"Q28","We measure customer satisfaction","S_EXEC_OP","7","7","8","You have already gotten far with measuring your customers' satisfaction. That's great. Try to ""institutionalize"" this process and see what you can improve every day, week or month.","uniform-fill Esperto report, 2026-05-01","source stop directly observed; interior range inferred from five-level design"
"Q28","We measure customer satisfaction","S_EXEC_OP","10","9","10","You are already systematically measuring your customers' satisfaction. That's great; keep the results alive and try to act on the input you get as proactively as possible.","uniform-fill Esperto report, 2026-05-01","source stop directly observed; interior range inferred from five-level design"
"Q29","We have systematic processes for continuous improvement","S_EXEC_OP","0","0","2","A system to prevent mistakes and take stock of complaints/feedback is usually not really necessary yet for a company of your size. However, when you start to grow and hire new people, it's often good to structure work processes and set up a system of quality checks and customer feedback. Preventing mistakes is usually significantly cheaper than continually fixing them.","uniform-fill Esperto report, 2026-05-01","source stop directly observed; interior range inferred from five-level design"
"Q29","We have systematic processes for continuous improvement","S_EXEC_OP","3","3","4","A system to prevent mistakes and take stock of complaints/feedback is usually not really necessary yet for a company of your size. However, when you start to grow and hire new people, it's often good to structure work processes and set up a system of quality checks and customer feedback. Preventing mistakes is usually significantly cheaper than continually fixing them.","uniform-fill Esperto report, 2026-05-01","source stop directly observed; interior range inferred from five-level design"
"Q29","We have systematic processes for continuous improvement","S_EXEC_OP","5","5","6","You are already doing something in the area of quality management, and that's good. At your level it's good to structure work processes and set up a system of quality checks and customer feedback. Preventing mistakes is usually significantly cheaper than continually fixing them.","uniform-fill Esperto report, 2026-05-01","source stop directly observed; interior range inferred from five-level design"
"Q29","We have systematic processes for continuous improvement","S_EXEC_OP","7","7","8","Even with size of your company, you are already active in the area of quality management. That's good. This will help with the scalability of the organization in the face of continued growth.","uniform-fill Esperto report, 2026-05-01","source stop directly observed; interior range inferred from five-level design"
"Q29","We have systematic processes for continuous improvement","S_EXEC_OP","10","9","10","You have an effective quality system, and that's great. This will be a massive advantage for you whilst the company continues to grow, as mistakes will be prevented and adjustments made directly based on customer feedback.","uniform-fill Esperto report, 2026-05-01","source stop directly observed; interior range inferred from five-level design"
"Q30","We have an effective lead generation process","S_EXEC_SM","0","0","2","To grow you need new customers. Often sales are very dependent on the entrepreneur with a company of your size. Then it's wise to start thinking about a lead generation system and process.","uniform-fill Esperto report, 2026-05-01","source stop directly observed; interior range inferred from five-level design"
"Q30","We have an effective lead generation process","S_EXEC_SM","3","3","4","To grow you need new customers. Often sales are very dependent on the entrepreneur with a company of your size. Then it's wise to start thinking about a lead generation system and process.","uniform-fill Esperto report, 2026-05-01","source stop directly observed; interior range inferred from five-level design"
"Q30","We have an effective lead generation process","S_EXEC_SM","5","5","6","You have already started a lead generation process. That's a good initiative. With a company of your size, allowing the acquisition of new customers to only depend on the entrepreneur or on coincidence is dangerous. For continued growth, it would be wise to implement an effective process and system for this.","uniform-fill Esperto report, 2026-05-01","source stop directly observed; interior range inferred from five-level design"
"Q30","We have an effective lead generation process","S_EXEC_SM","7","7","8","You have already gotten far with a lead generation process. That's a good initiative. Often sales are very dependent on the entrepreneur with a company of your size. That's why an independent system and process is so important for continued growth.","uniform-fill Esperto report, 2026-05-01","source stop directly observed; interior range inferred from five-level design"
"Q30","We have an effective lead generation process","S_EXEC_SM","10","9","10","You already have an effective lead generation process in place. That's great! An effective system and process is essential for continued rapid growth. Well done.","uniform-fill Esperto report, 2026-05-01","source stop directly observed; interior range inferred from five-level design"
"Q31","Sales achievement","S_EXEC_SM","0","0","2","Having and achieving targets is, of course, the basis for business success and growth. At successful companies this correlation is no coincidence. The sales process will often consist of a combination of targets, bonus schemes, lead generation as well as weekly meetings, coaching, training, motivational sessions, etc. It might be good to start thinking about this already.","uniform-fill Esperto report, 2026-05-01","source stop directly observed; interior range inferred from five-level design"
"Q31","Sales achievement","S_EXEC_SM","3","3","4","Having and achieving targets is, of course, the basis for business success and growth. At successful companies this correlation is no coincidence. The sales process will often consist of a combination of targets, bonus schemes, lead generation as well as weekly meetings, coaching, training, motivational sessions, etc. It might be good to start thinking about this already.","uniform-fill Esperto report, 2026-05-01","source stop directly observed; interior range inferred from five-level design"
"Q31","Sales achievement","S_EXEC_SM","5","5","6","Having and achieving targets is, of course, the basis for business success and growth. At successful companies this correlation is no coincidence. The sales process will often consist of a combination of targets, bonus schemes, lead generation as well as weekly meetings, coaching, training, motivational sessions, etc. It might be good to think about how you can improve this at your company.","uniform-fill Esperto report, 2026-05-01","source stop directly observed; interior range inferred from five-level design"
"Q31","Sales achievement","S_EXEC_SM","7","7","8","Having and achieving targets is, of course, the basis for business success and growth. At successful companies this correlation is no coincidence. The sales process will often consist of a combination of targets, bonus schemes, lead generation as well as weekly meetings, coaching, training, motivational sessions, etc. You are already well on the way. It might be good to think about what improvements you can make, so you can grow even faster.","uniform-fill Esperto report, 2026-05-01","source stop directly observed; interior range inferred from five-level design"
"Q31","Sales achievement","S_EXEC_SM","10","9","10","Having and achieving targets is, of course, the basis for business success and growth. At successful companies this correlation is no coincidence. The sales process will often consist of a combination of targets, bonus schemes, lead generation as well as weekly meetings, coaching, training, motivational sessions, etc. You have this process well under control, so you are all set for further growth.","uniform-fill Esperto report, 2026-05-01","source stop directly observed; interior range inferred from five-level design"
"Q32","Weekly sales meeting","S_EXEC_SM","0","0","2","Stimulating sales is hardly possible without a disciplined process. A weekly sales meeting in which successes as well as setbacks and lessons learned are shared is an important part of the success of fast-growing companies. Often there are also one-on-one meetings with individual sales reps - if applicable. It's time to start with this.","uniform-fill Esperto report, 2026-05-01","source stop directly observed; interior range inferred from five-level design"
"Q32","Weekly sales meeting","S_EXEC_SM","3","3","4","Stimulating sales is hardly possible without a disciplined process. A weekly sales meeting in which successes as well as setbacks and lessons learned are shared is an important part of the success of fast-growing companies. Often there are also one-on-one meetings with individual sales reps - if applicable. It's time to start with this.","uniform-fill Esperto report, 2026-05-01","source stop directly observed; interior range inferred from five-level design"
"Q32","Weekly sales meeting","S_EXEC_SM","5","5","6","Stimulating sales is hardly possible without a disciplined process. A weekly sales meeting in which successes as well as setbacks and lessons learned are shared is an important part of the success of fast-growing companies. Often there are also one-on-one meetings with individual sales reps - if applicable. It's time to quickly get this to a higher level.","uniform-fill Esperto report, 2026-05-01","source stop directly observed; interior range inferred from five-level design"
"Q32","Weekly sales meeting","S_EXEC_SM","7","7","8","You have already gotten far with a disciplined sales process. A weekly sales meeting in which successes as well as setbacks and lessons learned are shared is an important part of the success of fast-growing companies. Often there are also one-on-one meetings with individual sales reps - if applicable. This is very important for making your growth scalable.","uniform-fill Esperto report, 2026-05-01","source stop directly observed; interior range inferred from five-level design"
"Q32","Weekly sales meeting","S_EXEC_SM","10","9","10","You have a disciplined sales process with weekly meetings. That's great. You will have noticed that sharing successes and lessons learned, alongside maintaining a focused team, allows for a stronger grip on the sales funnel. That's an ideal foundation for continued growth.","uniform-fill Esperto report, 2026-05-01","source stop directly observed; interior range inferred from five-level design"
"Q33","Head of sales is not the entrepreneur","S_EXEC_SM","0","0","2","With a company of your size, the entrepreneur is often in charge when it comes to sales. With the increasing pressure on general management tasks, it's good to ensure that you as an entrepreneur free up sufficient time for this. If this is not the case, you will have to start making choices.","uniform-fill Esperto report, 2026-05-01","source stop directly observed; interior range inferred from five-level design"
"Q33","Head of sales is not the entrepreneur","S_EXEC_SM","3","3","4","With a company of your size, the entrepreneur is often in charge when it comes to sales. With the increasing pressure on general management tasks, it's good to ensure that you as an entrepreneur free up sufficient time for this. If this is not the case, you will have to start making choices.","uniform-fill Esperto report, 2026-05-01","source stop directly observed; interior range inferred from five-level design"
"Q33","Head of sales is not the entrepreneur","S_EXEC_SM","5","5","6","Also, you can only commit your time once as an entrepreneur. That also applies to sales management. With the increasing pressure on general management tasks, it's good to ensure that you as an entrepreneur free up sufficient time for this. If this is not the case, you will have to start making choices.","uniform-fill Esperto report, 2026-05-01","source stop directly observed; interior range inferred from five-level design"
"Q33","Head of sales is not the entrepreneur","S_EXEC_SM","7","7","8","As an entrepreneur, you are no longer solely in charge when it comes to sales. That's wise, as this allows the sales process to continue scaling up while you, as an entrepreneur, deal with more general management tasks.","uniform-fill Esperto report, 2026-05-01","source stop directly observed; interior range inferred from five-level design"
"Q33","Head of sales is not the entrepreneur","S_EXEC_SM","10","9","10","You have made someone else responsible for sales. This seems like a good choice, since now sales is no longer ""an additional task"" for you as an entrepreneur. But be careful! Your best salesperson may not necessarily be a good (sales) manager.","uniform-fill Esperto report, 2026-05-01","source stop directly observed; interior range inferred from five-level design"
"Q34","We have an effective PR/communication strategy","S_EXEC_SM","0","0","2","Nowadays sales and marketing strategies are usually accompanied with an effective content-based communication strategy. This is something you might want to think about.","uniform-fill Esperto report, 2026-05-01","source stop directly observed; interior range inferred from five-level design"
"Q34","We have an effective PR/communication strategy","S_EXEC_SM","3","3","4","Nowadays sales and marketing strategies are usually accompanied with an effective content-based communication strategy. This is something you might want to think about.","uniform-fill Esperto report, 2026-05-01","source stop directly observed; interior range inferred from five-level design"
"Q34","We have an effective PR/communication strategy","S_EXEC_SM","5","5","6","Nowadays sales and marketing strategies are usually accompanied with an effective content-based communication strategy. You might want to think about implementing this a bit stronger.","uniform-fill Esperto report, 2026-05-01","source stop directly observed; interior range inferred from five-level design"
"Q34","We have an effective PR/communication strategy","S_EXEC_SM","7","7","8","Nowadays sales and marketing strategies are usually accompanied with an effective content-based communication strategy. You are active with this strategy. Well done, this might create growth opportunities.","uniform-fill Esperto report, 2026-05-01","source stop directly observed; interior range inferred from five-level design"
"Q34","We have an effective PR/communication strategy","S_EXEC_SM","10","9","10","Nowadays sales and marketing strategies are usually accompanied with an effective content-based communication strategy. You have already implemented this fully. Well done, this probably will create growth opportunities.","uniform-fill Esperto report, 2026-05-01","source stop directly observed; interior range inferred from five-level design"
"Q35","Most processes are automated","S_EXEC_SIT","0","0","2","In order to scale, smart application and linking of information technology is essential. Sales, marketing, project management, production, human resources, reporting, etc. This gives structure and clarity, prevents mistakes and makes growing a lot easier. With the size of your company, a lot of systems likely still work independently of each other, or you primarily use Excel. This is customary, but in your next growth phase you will have to start thinking about smart solutions.","uniform-fill Esperto report, 2026-05-01","source stop directly observed; interior range inferred from five-level design"
"Q35","Most processes are automated","S_EXEC_SIT","3","3","4","In order to scale, smart application and linking of information technology is essential. Sales, marketing, project management, production, human resources, reporting, etc. This gives structure and clarity, prevents mistakes and makes growing a lot easier. With the size of your company, a lot of systems likely still work independently of each other, or you primarily use Excel. This is customary, but in your next growth phase you will have to start thinking about smart solutions.","uniform-fill Esperto report, 2026-05-01","source stop directly observed; interior range inferred from five-level design"
"Q35","Most processes are automated","S_EXEC_SIT","5","5","6","In order to scale, smart application and linking of information technology is essential. Sales, marketing, project management, production, human resources, reporting, etc. This gives structure and clarity, prevents mistakes and makes growing a lot easier. You have partial automation and a lot of systems probably still work independently of each other. However, with the size of your company, you will quickly have to start thinking about smart (integrated) solutions.","uniform-fill Esperto report, 2026-05-01","source stop directly observed; interior range inferred from five-level design"
"Q35","Most processes are automated","S_EXEC_SIT","7","7","8","In order to scale, smart application and linking of information technology is essential. Sales, marketing, project management, production, human resources, reporting, etc. This gives structure and clarity, prevents mistakes and makes growing a lot easier. A lot of processes are already being supported by automation at your company. That's great. In the next growth phase, you should also start thinking about integration of the systems.","uniform-fill Esperto report, 2026-05-01","source stop directly observed; interior range inferred from five-level design"
"Q35","Most processes are automated","S_EXEC_SIT","10","9","10","Most processes are already being supported by automated systems at your company. Sales, marketing, project management, production, human resources, reporting, etc. This gives structure and clarity, prevents mistakes and makes growing a lot easier. Congratulations, on to the next growth phase!","uniform-fill Esperto report, 2026-05-01","source stop directly observed; interior range inferred from five-level design"
"Q36","Systems prepped for growth","S_EXEC_SIT","0","0","2","Your systems are not yet prepared for growth. When you grow, a lot changes at the same time: systems, structures, people, processes, etc. It helps a lot when your systems can handle this growth. Otherwise it's sort of like changing the tires while driving!","uniform-fill Esperto report, 2026-05-01","source stop directly observed; interior range inferred from five-level design"
"Q36","Systems prepped for growth","S_EXEC_SIT","3","3","4","Your systems are not yet prepared for growth. When you grow, a lot changes at the same time: systems, structures, people, processes, etc. It helps a lot when your systems can handle this growth. Otherwise it's sort of like changing the tires while driving!","uniform-fill Esperto report, 2026-05-01","source stop directly observed; interior range inferred from five-level design"
"Q36","Systems prepped for growth","S_EXEC_SIT","5","5","6","If you grow, a lot changes at the same time: systems, structures, people, processes, etc. It helps a lot when your systems can handle this growth. Otherwise it's sort of like changing the tires while driving! We advise you to quickly start ""thinking ahead"" in terms of structures and systems.","uniform-fill Esperto report, 2026-05-01","source stop directly observed; interior range inferred from five-level design"
"Q36","Systems prepped for growth","S_EXEC_SIT","7","7","8","When you grow, a lot changes at the same time: systems, structures, people, processes, etc. It helps a lot when your systems can handle this growth. It looks like you have got this under control. Super. Keep growing!","uniform-fill Esperto report, 2026-05-01","source stop directly observed; interior range inferred from five-level design"
"Q36","Systems prepped for growth","S_EXEC_SIT","10","9","10","When you grow, a lot changes at the same time: systems, structures, people, processes, etc. It's great that you already have the systems that can handle this. Keep growing!","uniform-fill Esperto report, 2026-05-01","source stop directly observed; interior range inferred from five-level design"
"Q37","Better systems than competitors","S_EXEC_SIT","0","0","2","Many fast growers have invested in information technology systems that help them be better, smarter, more efficient and more market-oriented than their competitors. You don't have any systems that are better than most of your competitors. Where might IT be able to help you?","uniform-fill Esperto report, 2026-05-01","source stop directly observed; interior range inferred from five-level design"
"Q37","Better systems than competitors","S_EXEC_SIT","3","3","4","Many fast growers have invested in information technology systems that help them be better, smarter, more efficient and more market-oriented than their competitors. You don't have any systems that are better than most of your competitors. Where might IT be able to help you?","uniform-fill Esperto report, 2026-05-01","source stop directly observed; interior range inferred from five-level design"
"Q37","Better systems than competitors","S_EXEC_SIT","5","5","6","Many fast growers have invested in information technology systems that help them be better, smarter, more efficient and more market-oriented than their competitors. You have few systems that are better than most of your competitors. Where might IT be able to help you?","uniform-fill Esperto report, 2026-05-01","source stop directly observed; interior range inferred from five-level design"
"Q37","Better systems than competitors","S_EXEC_SIT","7","7","8","Many fast growers have invested in information technology systems that help them be better, smarter, more efficient and more market-oriented than their competitors. It looks like you pay the same attention to IT systems. That's promising! How can you continue to exploit this advantage?","uniform-fill Esperto report, 2026-05-01","source stop directly observed; interior range inferred from five-level design"
"Q37","Better systems than competitors","S_EXEC_SIT","10","9","10","Many fast growers have invested in information technology systems that help them be better, smarter, more efficient and more market-oriented than their competitors. It looks like that you pay the same attention to IT systems and have superior systems compared to your competitors. How can you continue to exploit this advantage? And how you can hold on to this lead?","uniform-fill Esperto report, 2026-05-01","source stop directly observed; interior range inferred from five-level design"
"Q38","Knowledge on latest technology","S_EXEC_SIT","0","0","2","As an entrepreneur, you always have 1001 focus areas You must keep an eye on technological developments that could enormously affect your business model or company efficiency. You should devote time to this on a regular basis.","uniform-fill Esperto report, 2026-05-01","source stop directly observed; interior range inferred from five-level design"
"Q38","Knowledge on latest technology","S_EXEC_SIT","3","3","4","As an entrepreneur, you always have 1001 focus areas You must keep an eye on technological developments that could enormously affect your business model or company efficiency. You should devote time to this on a regular basis.","uniform-fill Esperto report, 2026-05-01","source stop directly observed; interior range inferred from five-level design"
"Q38","Knowledge on latest technology","S_EXEC_SIT","5","5","6","As an entrepreneur, you always have 1001 focus areas. You must keep an eye on technological developments that could enormously affect your business model or company efficiency. You could spend more time on this.","uniform-fill Esperto report, 2026-05-01","source stop directly observed; interior range inferred from five-level design"
"Q38","Knowledge on latest technology","S_EXEC_SIT","7","7","8","As an entrepreneur, you always have 1001 focus areas. You keep a relatively good eye on technological developments that could enormously affect your business model or company efficiency. Keep a close eye on this.","uniform-fill Esperto report, 2026-05-01","source stop directly observed; interior range inferred from five-level design"
"Q38","Knowledge on latest technology","S_EXEC_SIT","10","9","10","As an entrepreneur, you always have 1001 focus areas. You keep a good eye on technological developments that could enormously affect your business model or company efficiency. This is a safe situation. No surprises.","uniform-fill Esperto report, 2026-05-01","source stop directly observed; interior range inferred from five-level design"
"Q39","We are more innovative than competitors","S_EXEC_SIT","0","0","2","In this world, where developments are super fast, you can quickly be made less relevant by a competitor if you don't pay attention (for example, by focusing too much on internal issues). It is wise to continuously make improvement and innovation part of the organization's DNA.","uniform-fill Esperto report, 2026-05-01","source stop directly observed; interior range inferred from five-level design"
"Q39","We are more innovative than competitors","S_EXEC_SIT","3","3","4","In this world, where developments are super fast, you can quickly be made less relevant by a competitor if you don't pay attention (for example, by focusing too much on internal issues). It is wise to continuously make improvement and innovation part of the organization's DNA.","uniform-fill Esperto report, 2026-05-01","source stop directly observed; interior range inferred from five-level design"
"Q39","We are more innovative than competitors","S_EXEC_SIT","5","5","6","In this world, where developments are super fast, you can quickly be made less relevant by a competitor if you don't pay attention (for example, by focusing too much on internal issues). It is wise to continuously make improvement and innovation part of the organization's DNA.","uniform-fill Esperto report, 2026-05-01","source stop directly observed; interior range inferred from five-level design"
"Q39","We are more innovative than competitors","S_EXEC_SIT","7","7","8","In this world, where developments are super fast, you can quickly be made less relevant by a competitor if you don't pay attention (for example, by focusing too much on internal issues). You have a good focus on innovation. Keep this up, even when you are growing.","uniform-fill Esperto report, 2026-05-01","source stop directly observed; interior range inferred from five-level design"
"Q39","We are more innovative than competitors","S_EXEC_SIT","10","9","10","You are more active with innovations than your competitors. That's good. Perhaps you can constantly stay ahead of the market?","uniform-fill Esperto report, 2026-05-01","source stop directly observed; interior range inferred from five-level design"
"Q40","Our business model is disruptive","S_EXEC_SIT","0","0","2","You do not have a disruptive business model. Keep your eyes open for newcomers in your market. Or you might want to think creating a disruptive model yourself.","uniform-fill Esperto report, 2026-05-01","source stop directly observed; interior range inferred from five-level design"
"Q40","Our business model is disruptive","S_EXEC_SIT","3","3","4","You do not have a disruptive business model. Keep your eyes open for newcomers in your market. Or you might want to think creating a disruptive model yourself.","uniform-fill Esperto report, 2026-05-01","source stop directly observed; interior range inferred from five-level design"
"Q40","Our business model is disruptive","S_EXEC_SIT","5","5","6","You have somewhat of a disruptive business model. That might gold. Further validation, speed and scaling up of the model are the things that now matter most.","uniform-fill Esperto report, 2026-05-01","source stop directly observed; interior range inferred from five-level design"
"Q40","Our business model is disruptive","S_EXEC_SIT","7","7","8","You have a somewhat disruptive business model. That is gold. Speed and scaling up are the things that now matter most.","uniform-fill Esperto report, 2026-05-01","source stop directly observed; interior range inferred from five-level design"
"Q40","Our business model is disruptive","S_EXEC_SIT","10","9","10","You have a disruptive business model. That's gold. Speed and Scaling Up are now fundamental in conquering most of your market.","uniform-fill Esperto report, 2026-05-01","source stop directly observed; interior range inferred from five-level design"
"Q41","Real time financial insights","S_CASH","0","0","2","You have no up-to-date knowledge of sales and costs. For a growth company, this is the same as driving 90 mph with a blindfold on. Maybe this should be your first priority to tackle tomorrow.","uniform-fill Esperto report, 2026-05-01","source stop directly observed; interior range inferred from five-level design"
"Q41","Real time financial insights","S_CASH","3","3","4","You have no up-to-date knowledge of sales and costs. For a growth company, this is the same as driving 90 mph with a blindfold on. Maybe this should be your first priority to tackle tomorrow.","uniform-fill Esperto report, 2026-05-01","source stop directly observed; interior range inferred from five-level design"
"Q41","Real time financial insights","S_CASH","5","5","6","You hardly have any up-to-date knowledge of sales and costs. For a growth company, this is the same as driving 90 mph with a blindfold on. Maybe this should be your first priority to tackle tomorrow.","uniform-fill Esperto report, 2026-05-01","source stop directly observed; interior range inferred from five-level design"
"Q41","Real time financial insights","S_CASH","7","7","8","You have a reasonably up-to-date picture of your sales and costs. That's good; your aim should be to always have a clear picture of these items.","uniform-fill Esperto report, 2026-05-01","source stop directly observed; interior range inferred from five-level design"
"Q41","Real time financial insights","S_CASH","10","9","10","You have a good picture of sales and costs. No surprises for you. Compliments.","uniform-fill Esperto report, 2026-05-01","source stop directly observed; interior range inferred from five-level design"
"Q42","Up-to-date cashflow planning","S_CASH","0","0","2","You don't employ cash flow planning. As a small business, you always have to look ahead a few months with regard to your cash flow, as otherwise you'll inevitably end up in trouble, especially if you grow.","uniform-fill Esperto report, 2026-05-01","source stop directly observed; interior range inferred from five-level design"
"Q42","Up-to-date cashflow planning","S_CASH","3","3","4","You don't employ cash flow planning. As a small business, you always have to look ahead a few months with regard to your cash flow, as otherwise you'll inevitably end up in trouble, especially if you grow.","uniform-fill Esperto report, 2026-05-01","source stop directly observed; interior range inferred from five-level design"
"Q42","Up-to-date cashflow planning","S_CASH","5","5","6","You don't employ strict cash flow planning. As a small business, you always have to look ahead a few months with regard to your cash flow, as otherwise you'll inevitably end up in trouble, especially if you grow.","uniform-fill Esperto report, 2026-05-01","source stop directly observed; interior range inferred from five-level design"
"Q42","Up-to-date cashflow planning","S_CASH","7","7","8","You have a fair picture of your cash flow. That's good. You have to be able to look ahead a few months. Especially if you grow; no surprises!","uniform-fill Esperto report, 2026-05-01","source stop directly observed; interior range inferred from five-level design"
"Q42","Up-to-date cashflow planning","S_CASH","10","9","10","You have a perfect picture of your own cash flow; congratulations. This allows you to grow safely.","uniform-fill Esperto report, 2026-05-01","source stop directly observed; interior range inferred from five-level design"
"Q43","Access to growth capital","S_CASH","0","0","2","You have no access to growth capital. This isn't a problem, unless you want to grow a lot. After all, growth gobbles up cash. You could create a list of the various alternatives (friends/fools/family, the bank, factoring, SME bonds, crowd funding, angel investors, private equity, Government Funding, etc.). There are a lot of service providers who can help you with this.","uniform-fill Esperto report, 2026-05-01","source stop directly observed; interior range inferred from five-level design"
"Q43","Access to growth capital","S_CASH","3","3","4","You have no access to growth capital. This isn't a problem, unless you want to grow a lot. After all, growth gobbles up cash. You could create a list of the various alternatives (friends/fools/family, the bank, factoring, SME bonds, crowd funding, angel investors, private equity, Government Funding, etc.). There are a lot of service providers who can help you with this.","uniform-fill Esperto report, 2026-05-01","source stop directly observed; interior range inferred from five-level design"
"Q43","Access to growth capital","S_CASH","5","5","6","You have no clear picture of your access to growth capital. This isn't a problem, unless you want to grow a lot. After all, growth gobbles up cash. You could create a list of the various alternatives (friends/fools/family, the bank, factoring, SME bonds, crowd funding, angel investors, private equity, Government Funding, etc.). There are a lot of service providers who can help you with this.","uniform-fill Esperto report, 2026-05-01","source stop directly observed; interior range inferred from five-level design"
"Q43","Access to growth capital","S_CASH","7","7","8","You have reasonable access to growth capital. That's encouraging, especially if you want to grow. Growth always gobbles up cash. Also think about all the alternatives, such as friends/fools/family, the bank, factoring, SME bonds, crowd funding, angel investors, private equity, Government Funding, etc.). There are a lot of service providers who can help you with this.","uniform-fill Esperto report, 2026-05-01","source stop directly observed; interior range inferred from five-level design"
"Q43","Access to growth capital","S_CASH","10","9","10","You have good access to growth capital. That's encouraging, especially if you want to grow. Growth always gobbles up cash. Also think about all the alternatives, such as friends/fools/family, the bank, factoring, SME bonds, crowd funding, angel investors, private equity, Government Funding, etc.). There are a lot of service providers who can help you with this.","uniform-fill Esperto report, 2026-05-01","source stop directly observed; interior range inferred from five-level design"
"Q44","Financial alert function","S_CASH","0","0","2","It is crucial to have have ""early warning systems"" with regard to financial parameters. The faster you can intervene or take measures, the better. You indicate that this is not the case at your company. That's dangerous. What are you going to do about it?","uniform-fill Esperto report, 2026-05-01","source stop directly observed; interior range inferred from five-level design"
"Q44","Financial alert function","S_CASH","3","3","4","It is crucial to have ""early warning systems"" with regard to financial parameters. The faster you can intervene or take measures, the better. You indicate that this is not the case at your company. That's dangerous. What are you going to do about it?","uniform-fill Esperto report, 2026-05-01","source stop directly observed; interior range inferred from five-level design"
"Q44","Financial alert function","S_CASH","5","5","6","It is crucial to have ""early warning systems"" with regard to financial parameters. The faster you can intervene or take measures, the better. You indicate that this is not always the case at your company. That's dangerous. What are you going to do about it?","uniform-fill Esperto report, 2026-05-01","source stop directly observed; interior range inferred from five-level design"
"Q44","Financial alert function","S_CASH","7","7","8","You indicate that your ""early warning system"" for financial parameters is in order. The faster you can intervene or take measures, the better. But why isn't your score ""perfect"" yet? What are you going to do about it?","uniform-fill Esperto report, 2026-05-01","source stop directly observed; interior range inferred from five-level design"
"Q44","Financial alert function","S_CASH","10","9","10","You indicate that your ""early warning system"" for financial parameters is perfectly in order. The faster you can intervene or take measures, the better.","uniform-fill Esperto report, 2026-05-01","source stop directly observed; interior range inferred from five-level design"
"Q45","Leadership understands balance sheet","S_CASH","0","0","2","Reading and understanding a balance sheet appears to be a tricky thing for many entrepreneurs. While a balance sheet is a smart blueprint that can expose the dynamics and growth potential behind your company. With a company of your size this is not a priority, but if you grow you should spend a good amount of time and attention on this.","uniform-fill Esperto report, 2026-05-01","source stop directly observed; interior range inferred from five-level design"
"Q45","Leadership understands balance sheet","S_CASH","3","3","4","Reading and understanding a balance sheet appears to be a tricky thing for many entrepreneurs. While a balance sheet is a smart blueprint that can expose the dynamics and growth potential behind your company. With a company of your size this is not a priority, but if you grow you should spend a good amount of time and attention on this.","uniform-fill Esperto report, 2026-05-01","source stop directly observed; interior range inferred from five-level design"
"Q45","Leadership understands balance sheet","S_CASH","5","5","6","Reading and understanding a balance sheet appears to be a tricky thing for many entrepreneurs. While a balance sheet is a smart blueprint that can expose the dynamics and growth potential behind your company. With a company of your size this is not a priority, but if you grow you should spend a good amount of time and attention on this.","uniform-fill Esperto report, 2026-05-01","source stop directly observed; interior range inferred from five-level design"
"Q45","Leadership understands balance sheet","S_CASH","7","7","8","Reading and understanding a balance sheet appears to be a tricky thing for many entrepreneurs. While a balance sheet is a smart blueprint that can expose the dynamics and growth potential behind your company. You are already fairly good at this. This will become increasingly important, especially if you grow.","uniform-fill Esperto report, 2026-05-01","source stop directly observed; interior range inferred from five-level design"
"Q45","Leadership understands balance sheet","S_CASH","10","9","10","Reading and understanding a balance sheet appears to be a tricky thing for many entrepreneurs. But not for you. You understand that a balance sheet can be a smart blueprint that can expose the dynamics and growth potential behind your company.","uniform-fill Esperto report, 2026-05-01","source stop directly observed; interior range inferred from five-level design"
"Q46","CEO works on the company and is able to remove from daily operations","S_YOU_LEAD","0","0","2","In this phase you work fully in your company. Perhaps that's logical, since without you there would be no sales. But if you don't put in any time to work on your company as well (systems, structures, processes, management, etc.), then it will be difficult to grow. When do you start?","uniform-fill Esperto report, 2026-05-01","source stop directly observed; interior range inferred from five-level design"
"Q46","CEO works on the company and is able to remove from daily operations","S_YOU_LEAD","3","3","4","In this phase you work fully in your company. Perhaps that's logical, since without you there would be no sales. But if you don't put in any time to work on your company as well (systems, structures, processes, management, etc.), then it will be difficult to grow. When do you start?","uniform-fill Esperto report, 2026-05-01","source stop directly observed; interior range inferred from five-level design"
"Q46","CEO works on the company and is able to remove from daily operations","S_YOU_LEAD","5","5","6","In this phase you work in your company to a large extent. If you don't put in any time to work on your company as well (systems, structures, processes, management, etc.), then it will be difficult to grow. When do you start?","uniform-fill Esperto report, 2026-05-01","source stop directly observed; interior range inferred from five-level design"
"Q46","CEO works on the company and is able to remove from daily operations","S_YOU_LEAD","7","7","8","In this phase you work on your company to a great extent. On to strong growth!","uniform-fill Esperto report, 2026-05-01","source stop directly observed; interior range inferred from five-level design"
"Q46","CEO works on the company and is able to remove from daily operations","S_YOU_LEAD","10","9","10","In this phase you work fully on your company. That's excellent. On to strong growth!","uniform-fill Esperto report, 2026-05-01","source stop directly observed; interior range inferred from five-level design"
"Q47","Have a mentor","S_YOU_LEAD","0","0","2","You indicate that you have no mentor. It can be difficult to see when you are stuck. Sometimes choices are a challenge, or you have simply reached the end of your tether. Maybe you need to change to guide the company to its next phase? Whatever it may be, this is where a mentor can be of great assistance.","uniform-fill Esperto report, 2026-05-01","source stop directly observed; interior range inferred from five-level design"
"Q47","Have a mentor","S_YOU_LEAD","3","3","4","You indicate that you have no mentor. It can be difficult to see when you are stuck. Sometimes choices are a challenge, or you have simply reached the end of your tether. Maybe you need to change to guide the company to its next phase? Whatever it may be, this is where a mentor can be of great assistance.","uniform-fill Esperto report, 2026-05-01","source stop directly observed; interior range inferred from five-level design"
"Q47","Have a mentor","S_YOU_LEAD","5","5","6","You don't really have a permanent mentor. It can be difficult to see when you are stuck. Sometimes choices are a challenge, or you have simply reached the end of your tether. Maybe you need to change to guide the company to its next phase? Whatever it may be, this is where a mentor can be of great assistance.","uniform-fill Esperto report, 2026-05-01","source stop directly observed; interior range inferred from five-level design"
"Q47","Have a mentor","S_YOU_LEAD","7","7","8","It can be difficult to see when you are stuck. Sometimes choices are a challenge, or you have simply reached the end of your tether. Maybe you need to change to guide the company to its next phase? Whatever it may be, this is where a mentor can be of great assistance. Good that you have one!","uniform-fill Esperto report, 2026-05-01","source stop directly observed; interior range inferred from five-level design"
"Q47","Have a mentor","S_YOU_LEAD","10","9","10","It can be difficult to see when you are stuck. Sometimes choices are a challenge, or you have simply reached the end of your tether. Maybe you need to change to guide the company to its next phase? Whatever it may be, this is where a mentor can be of great assistance. Great that you have a good mentor!","uniform-fill Esperto report, 2026-05-01","source stop directly observed; interior range inferred from five-level design"
"Q48","Have an entrepreneurial network","S_YOU_LEAD","0","0","2","Most entrepreneurs experience the same challenges, highs and lows. Other entrepreneurs you know can often be of great assistance with their experiences. We recommend that you actively look for and invest time in a network of entrepreneurs.","uniform-fill Esperto report, 2026-05-01","source stop directly observed; interior range inferred from five-level design"
"Q48","Have an entrepreneurial network","S_YOU_LEAD","3","3","4","Most entrepreneurs experience the same challenges, highs and lows. Other entrepreneurs you know can often be of great assistance with their experiences. We recommend that you actively look for and invest time in a network of entrepreneurs.","uniform-fill Esperto report, 2026-05-01","source stop directly observed; interior range inferred from five-level design"
"Q48","Have an entrepreneurial network","S_YOU_LEAD","5","5","6","Most entrepreneurs experience the same challenges, highs and lows. Other entrepreneurs you know can often be of great assistance with their experiences. We recommend that you actively look for and invest more time in a good network of entrepreneurs.","uniform-fill Esperto report, 2026-05-01","source stop directly observed; interior range inferred from five-level design"
"Q48","Have an entrepreneurial network","S_YOU_LEAD","7","7","8","Most entrepreneurs experience the same challenges, highs and lows. Other entrepreneurs you know can often be of great assistance with their experiences. You have a network of entrepreneurs that you can consult; well done.","uniform-fill Esperto report, 2026-05-01","source stop directly observed; interior range inferred from five-level design"
"Q48","Have an entrepreneurial network","S_YOU_LEAD","10","9","10","Most entrepreneurs experience the same challenges, highs and lows. Other entrepreneurs you know can often be of great assistance with their experiences. You have an effective network of entrepreneurs that you can consult; well done.","uniform-fill Esperto report, 2026-05-01","source stop directly observed; interior range inferred from five-level design"
"Q49","Enjoy management of company","S_YOU_LEAD","0","0","2","Many entrepreneurs discover that management costs time and energy and is a ""skill"" that requires development. You don't like it. Therefore, you should examine where your strength lies; perhaps it would be better to hire an operations manager directly.","uniform-fill Esperto report, 2026-05-01","source stop directly observed; interior range inferred from five-level design"
"Q49","Enjoy management of company","S_YOU_LEAD","3","3","4","Many entrepreneurs discover that management costs time and energy and is a ""skill"" that requires development. You don't like it. Therefore, you should examine where your strength lies; perhaps it would be better to hire an operations manager directly.","uniform-fill Esperto report, 2026-05-01","source stop directly observed; interior range inferred from five-level design"
"Q49","Enjoy management of company","S_YOU_LEAD","5","5","6","You don't really like managing. Many entrepreneurs find out that managing people costs a lot of time and energy. With a company of your size you probably work with a management team and/or a second-in-command who is good in operations. The challenge is for you not to get in their way and to focus fully on the future of the company.","uniform-fill Esperto report, 2026-05-01","source stop directly observed; interior range inferred from five-level design"
"Q49","Enjoy management of company","S_YOU_LEAD","7","7","8","You like managing somewhat. That's handy because if your company has eight or more employees, you will have to continually develop these skills.","uniform-fill Esperto report, 2026-05-01","source stop directly observed; interior range inferred from five-level design"
"Q49","Enjoy management of company","S_YOU_LEAD","10","9","10","You like managing. That's handy because if your company has eight or more employees, you will have to continually develop these skills.","uniform-fill Esperto report, 2026-05-01","source stop directly observed; interior range inferred from five-level design"
"Q50","Energized by team and company","S_YOU_LEAD","0","0","2","It is not unusual for entrepreneurs to become ""sick"" of their company after about seven years. Employees can change jobs or companies. Entrepreneurs can't. The best solution that doesn't cost money but does deliver is to let your company grow rapidly. Then every year is different.","uniform-fill Esperto report, 2026-05-01","source stop directly observed; interior range inferred from five-level design"
"Q50","Energized by team and company","S_YOU_LEAD","3","3","4","It is not unusual for entrepreneurs to become ""sick"" of their company after about seven years. Employees can change jobs or companies. Entrepreneurs can't. The best solution that doesn't cost money but does deliver is to let your company grow rapidly. Then every year is different.","uniform-fill Esperto report, 2026-05-01","source stop directly observed; interior range inferred from five-level design"
"Q50","Energized by team and company","S_YOU_LEAD","5","5","6","It is not unusual for entrepreneurs to become ""sick"" of their company after about seven years. Employees can change jobs or companies. Entrepreneurs can't. The best solution that doesn't cost money but does deliver is to let your company grow hard (again); then every year is different.","uniform-fill Esperto report, 2026-05-01","source stop directly observed; interior range inferred from five-level design"
"Q50","Energized by team and company","S_YOU_LEAD","7","7","8","You still get energy from your company. That's great; use all this energy to let your company grow.","uniform-fill Esperto report, 2026-05-01","source stop directly observed; interior range inferred from five-level design"
"Q50","Energized by team and company","S_YOU_LEAD","10","9","10","You still get energy from your company. That's great; use all this energy to let your company grow.","uniform-fill Esperto report, 2026-05-01","source stop directly observed; interior range inferred from five-level design"
"Q51","Absence of CEO is possible","S_YOU_LEAD","0","0","2","You can't leave without things going wrong. You have made the company, the processes and the people too dependent on you. That's not scalable and causes you in particular a lot of work, stress and likely also annoyance. We recommend that you start working on standardization, establishing processes and probably also on hiring better people.","uniform-fill Esperto report, 2026-05-01","source stop directly observed; interior range inferred from five-level design"
"Q51","Absence of CEO is possible","S_YOU_LEAD","3","3","4","You can't leave without things going wrong. You have made the company, the processes and the people too dependent on you. That's not scalable and causes you in particular a lot of work, stress and likely also annoyance. We recommend that you start working on standardization, establishing processes and probably also on hiring better people.","uniform-fill Esperto report, 2026-05-01","source stop directly observed; interior range inferred from five-level design"
"Q51","Absence of CEO is possible","S_YOU_LEAD","5","5","6","You still can't leave without some things going wrong. You have made the company, the processes and the people too dependent on you. That's not scalable and causes you in particular a lot of work, stress and likely also annoyance. We recommend that you start working on standardization, establishing processes and probably also on hiring better people.","uniform-fill Esperto report, 2026-05-01","source stop directly observed; interior range inferred from five-level design"
"Q51","Absence of CEO is possible","S_YOU_LEAD","7","7","8","You can easily leave for three weeks without things going completely wrong. That's quite an accomplishment. You probably have an excellent team working for you, as well as standardized processes. That's a nice scalable model for growth.","uniform-fill Esperto report, 2026-05-01","source stop directly observed; interior range inferred from five-level design"
"Q51","Absence of CEO is possible","S_YOU_LEAD","10","9","10","You can easily leave for three weeks without things going wrong. That's quite an accomplishment. You probably have an excellent team working for you, as well as standardized processes. Your next challenge is being away for three months; then you'll really have built an independent organization.","uniform-fill Esperto report, 2026-05-01","source stop directly observed; interior range inferred from five-level design"
"Q52","Read business books","S_YOU_LEAD","0","0","2","You never read management books. That's a shame, because in order to grow it will be imperative to have skills, ideas and insights that were documented by others years ago. And don't forget: ""stagnant water will stink."" This also applies to businesses.","uniform-fill Esperto report, 2026-05-01","source stop directly observed; interior range inferred from five-level design"
"Q52","Read business books","S_YOU_LEAD","3","3","4","You never read management books. That's a shame, because in order to grow it will be imperative to have skills, ideas and insights that were documented by others years ago. And don't forget: ""stagnant water will stink."" This also applies to businesses.","uniform-fill Esperto report, 2026-05-01","source stop directly observed; interior range inferred from five-level design"
"Q52","Read business books","S_YOU_LEAD","5","5","6","You don't often read management books. That's a shame, because in order to grow it will be imperative to have skills, ideas and insights that were documented by others years ago. And don't forget: ""stagnant water will stink."" This also applies to businesses.","uniform-fill Esperto report, 2026-05-01","source stop directly observed; interior range inferred from five-level design"
"Q52","Read business books","S_YOU_LEAD","7","7","8","You occasionally read management books. That's great, because in order to grow it will be imperative to have skills, ideas and insights that were documented by others years ago. Keep reading; keep developing yourself.","uniform-fill Esperto report, 2026-05-01","source stop directly observed; interior range inferred from five-level design"
"Q52","Read business books","S_YOU_LEAD","10","9","10","You read management books on a regular basis. That's great, because in order to grow - and for your next growth phase - it will be imperative to have skills, ideas and insights that were documented by others years ago. Keep reading; keep developing yourself.","uniform-fill Esperto report, 2026-05-01","source stop directly observed; interior range inferred from five-level design"
"Q53","Receives regular education","S_YOU_LEAD","0","0","2","You never follow external education or training courses. That's too bad. Because even as an entrepreneur, you need to develop yourself. Often the entrepreneur him/herself is the most important part of the educational equation. Management guru Peter Drucker said: ""The bottleneck is always on top of the bottle."" In other words, keep developing yourself in order to let your organization grow.","uniform-fill Esperto report, 2026-05-01","source stop directly observed; interior range inferred from five-level design"
"Q53","Receives regular education","S_YOU_LEAD","3","3","4","You never follow external education or training courses. That's too bad. Because even as an entrepreneur, you need to develop yourself. Often the entrepreneur him/herself is the most important part of the educational equation. Management guru Peter Drucker said: ""The bottleneck is always on top of the bottle."" In other words, keep developing yourself in order to let your organization grow.","uniform-fill Esperto report, 2026-05-01","source stop directly observed; interior range inferred from five-level design"
"Q53","Receives regular education","S_YOU_LEAD","5","5","6","You sporadically attend external education or training courses. That's too bad. Because even as an entrepreneur, you need to develop yourself. Often the entrepreneur him/herself is the most important part of the educational equation. Management guru Peter Drucker said: ""The bottleneck is always on top of the bottle."" In other words, keep developing yourself in order to let your organization grow.","uniform-fill Esperto report, 2026-05-01","source stop directly observed; interior range inferred from five-level design"
"Q53","Receives regular education","S_YOU_LEAD","7","7","8","You occasionally attend external or internal training courses. That's very good. Self-development is fundamental for overall company development.","uniform-fill Esperto report, 2026-05-01","source stop directly observed; interior range inferred from five-level design"
"Q53","Receives regular education","S_YOU_LEAD","10","9","10","You attend external education or training courses on a regular basis. That's very good. Self-development is fundamental for overall company development.","uniform-fill Esperto report, 2026-05-01","source stop directly observed; interior range inferred from five-level design"
"Q54","Healthy work - life balance","S_YOU_LEAD","0","0","2","You have a poor work-life balance. It is a challenge for many businesses to combine everything. Successful high-growth entrepreneurs teach us that we must always take good care of ourselves. Hard work is sometimes necessary, of course, but you should take enough time for yourself and not skip vacations. Working smart is the solution.","uniform-fill Esperto report, 2026-05-01","source stop directly observed; interior range inferred from five-level design"
"Q54","Healthy work - life balance","S_YOU_LEAD","3","3","4","You have a poor work-life balance. It is a challenge for many businesses to combine everything. Successful high-growth entrepreneurs teach us that we must always take good care of ourselves. Hard work is sometimes necessary, of course, but you should take enough time for yourself and not skip vacations. Working smart is the solution.","uniform-fill Esperto report, 2026-05-01","source stop directly observed; interior range inferred from five-level design"
"Q54","Healthy work - life balance","S_YOU_LEAD","5","5","6","You have a poor work-life balance. It is a challenge for many entrepreneurs to combine everything. Successful high-growth entrepreneurs teach us that we must always take good care of ourselves. Hard work is sometimes necessary, of course, but you should take enough time for yourself and not skip vacations. Working smart is the solution.","uniform-fill Esperto report, 2026-05-01","source stop directly observed; interior range inferred from five-level design"
"Q54","Healthy work - life balance","S_YOU_LEAD","7","7","8","You have a reasonably good work-life balance. It is a challenge for many entrepreneurs to combine everything. Successful high-growth entrepreneurs teach us that we must always take good care of ourselves. You have got that under control; well done.","uniform-fill Esperto report, 2026-05-01","source stop directly observed; interior range inferred from five-level design"
"Q54","Healthy work - life balance","S_YOU_LEAD","10","9","10","You have a good work-life balance. It is a challenge for many entrepreneurs to combine everything. Successful high-growth entrepreneurs teach us that we must always take good care of ourselves. You have got that under control; good job.","uniform-fill Esperto report, 2026-05-01","source stop directly observed; interior range inferred from five-level design"
"Q55","I am happy","S_YOU_LEAD","0","0","2","You are absolutely not happy. If this feeling continues, talk to a mentor, another entrepreneur who has been in your shoes. Maybe entrepreneurship is not for you.","uniform-fill Esperto report, 2026-05-01","source stop directly observed; interior range inferred from five-level design"
"Q55","I am happy","S_YOU_LEAD","3","3","4","You are absolutely not happy. If this feeling continues, talk to a mentor, another entrepreneur who has been in your shoes. Maybe entrepreneurship is not for you.","uniform-fill Esperto report, 2026-05-01","source stop directly observed; interior range inferred from five-level design"
"Q55","I am happy","S_YOU_LEAD","5","5","6","You are somewhat not happy. If this feeling continues, talk to a mentor, another entrepreneur who has been in your shoes. Maybe entrepreneurship is not for you.","uniform-fill Esperto report, 2026-05-01","source stop directly observed; interior range inferred from five-level design"
"Q55","I am happy","S_YOU_LEAD","7","7","8","You are mostly happy. Congratulations! Long may it last!","uniform-fill Esperto report, 2026-05-01","source stop directly observed; interior range inferred from five-level design"
"Q55","I am happy","S_YOU_LEAD","10","9","10","You are entirely happy. Congratulations! Long may it last!","uniform-fill Esperto report, 2026-05-01","source stop directly observed; interior range inferred from five-level design"
"Q56","Employees know long term goal","S_YOU_IC","0","0","2","A long-term goal for the organization gives everyone a clear framework for strategy and decisions - and can be very motivating. With a company of your size it isn't really necessary to establish all of this clearly yet, but it will help. But you can start thinking about it.","uniform-fill Esperto report, 2026-05-01","source stop directly observed; interior range inferred from five-level design"
"Q56","Employees know long term goal","S_YOU_IC","3","3","4","A long-term goal for the organization gives everyone a clear framework for strategy and decisions - and can be very motivating. With a company of your size it isn't really necessary to establish all of this clearly yet, but it will help. But you can start thinking about it.","uniform-fill Esperto report, 2026-05-01","source stop directly observed; interior range inferred from five-level design"
"Q56","Employees know long term goal","S_YOU_IC","5","5","6","A long-term goal for the organization gives everyone a clear framework for strategy and decisions - and can be very motivating. Good that you have started doing this. It's important for you to finish this quickly.","uniform-fill Esperto report, 2026-05-01","source stop directly observed; interior range inferred from five-level design"
"Q56","Employees know long term goal","S_YOU_IC","7","7","8","A long-term goal for the organization gives everyone a clear framework for strategy and decisions - and can be very motivating. Good that you have already come a long way with this. When you start to grow, it's important for all of this to be in order.","uniform-fill Esperto report, 2026-05-01","source stop directly observed; interior range inferred from five-level design"
"Q56","Employees know long term goal","S_YOU_IC","10","9","10","A long-term goal for the organization gives everyone a clear framework for strategy and decisions - and can be very motivating. Great that this is already all in place. Ensure you check this annually - verifying a valid long-term goal.","uniform-fill Esperto report, 2026-05-01","source stop directly observed; interior range inferred from five-level design"
"Q57","Employees know yearly goal","S_YOU_IC","0","0","2","Focusing on goals, including annual goals, provides direction and a framework to your business activities. In addition, this information motivates your employees. In this phase you should start thinking about making all of this a bit clearer.","uniform-fill Esperto report, 2026-05-01","source stop directly observed; interior range inferred from five-level design"
"Q57","Employees know yearly goal","S_YOU_IC","3","3","4","Focusing on goals, including annual goals, provides direction and a framework to your business actions. In addition, this information motivates your employees. In this phase you should start thinking about making all of this a bit clearer.","uniform-fill Esperto report, 2026-05-01","source stop directly observed; interior range inferred from five-level design"
"Q57","Employees know yearly goal","S_YOU_IC","5","5","6","Focusing on goals, including annual goals, provides direction and a framework to your business activities. In addition, this information motivates your employees. Good that you have already started doing this; try to persevere and especially to communicate about this on a regular basis.","uniform-fill Esperto report, 2026-05-01","source stop directly observed; interior range inferred from five-level design"
"Q57","Employees know yearly goal","S_YOU_IC","7","7","8","Focusing on goals, including annual goals, provides direction and a framework to your business activities. In addition, this information motivates your employees. Good that you have already come a long way with this. Above all try to keep your goals ""alive"".","uniform-fill Esperto report, 2026-05-01","source stop directly observed; interior range inferred from five-level design"
"Q57","Employees know yearly goal","S_YOU_IC","10","9","10","Focusing on goals, including annual goals, provides direction and a framework to your business activities. In addition, this information motivates your employees. Fantastic that everyone knows what the annual goal is. Well done!","uniform-fill Esperto report, 2026-05-01","source stop directly observed; interior range inferred from five-level design"
"Q58","Employees know quarterly/monthly goals","S_YOU_IC","0","0","2","Focusing on goals, including monthly goals and KPIs, provides guidance and direction to business activities. Actually, you make a small sprint every month to ensure that you are ""on schedule"". The clearer the goal the clearer it becomes on how to achieve it. Perhaps you can think about how this would work at your company.","uniform-fill Esperto report, 2026-05-01","source stop directly observed; interior range inferred from five-level design"
"Q58","Employees know quarterly/monthly goals","S_YOU_IC","3","3","4","Focusing on goals, including monthly goals and KPIs, provides guidance and direction to business activities. Actually, you make a small sprint every month to ensure that you are ""on schedule"". The clearer the goal the clearer it becomes on how to achieve it. Perhaps you can think about how this would work at your company.","uniform-fill Esperto report, 2026-05-01","source stop directly observed; interior range inferred from five-level design"
"Q58","Employees know quarterly/monthly goals","S_YOU_IC","5","5","6","Focusing on goals, including monthly goals and KPIs, provides guidance and direction to business activities. Actually, you make a small sprint every month to ensure that you are ""on schedule"". The clearer the goal the clearer it becomes on how to achieve it. Good that you have already started doing this. Hurry up and finish and implement it.","uniform-fill Esperto report, 2026-05-01","source stop directly observed; interior range inferred from five-level design"
"Q58","Employees know quarterly/monthly goals","S_YOU_IC","7","7","8","Focusing on goals, including monthly goals and KPIs, provides guidance and direction to business activities. Actually, you make a small sprint every month to ensure that you are ""on schedule"". The clearer the goal the clearer it becomes on how to achieve it. Good that you are already applying this. Think above all about clear and simple communication with respect to the goals.","uniform-fill Esperto report, 2026-05-01","source stop directly observed; interior range inferred from five-level design"
"Q58","Employees know quarterly/monthly goals","S_YOU_IC","10","9","10","Focusing on goals, including monthly goals and KPIs, provides guidance and direction to business activities. Actually, you make a small sprint every month to ensure that you are ""on schedule"". The clearer the goal the clearer it becomes on how to achieve it. Great that you have already got this all together in this phase. Well done.","uniform-fill Esperto report, 2026-05-01","source stop directly observed; interior range inferred from five-level design"
"Q59","Employees know vision and mission","S_YOU_IC","0","0","2","As with the long-term goal - it is important for the company's vision and mission to be clear. This motivates employees and provides a clear framework for the activities. In your phase this doesn't all need to be in place yet, but you can start thinking about what that vision and mission might look like.","uniform-fill Esperto report, 2026-05-01","source stop directly observed; interior range inferred from five-level design"
"Q59","Employees know vision and mission","S_YOU_IC","3","3","4","As with the long-term goal - it is important for the company's vision and mission to be clear. This motivates employees and provides a clear framework for the activities. In your phase this doesn't all need to be in place yet, but you can start thinking about what that vision and mission might look like.","uniform-fill Esperto report, 2026-05-01","source stop directly observed; interior range inferred from five-level design"
"Q59","Employees know vision and mission","S_YOU_IC","5","5","6","As with the long-term goal - it is important for the company's vision and mission to be clear. This motivates employees and provides a clear framework for the activities. It's good that you have started on this, but it's important to finish quickly.","uniform-fill Esperto report, 2026-05-01","source stop directly observed; interior range inferred from five-level design"
"Q59","Employees know vision and mission","S_YOU_IC","7","7","8","As with the long-term goal - it is important for the company's vision and mission to be clear. This motivates employees and provides a clear framework for the activities. Good to see that you have already started on this in your phase.","uniform-fill Esperto report, 2026-05-01","source stop directly observed; interior range inferred from five-level design"
"Q59","Employees know vision and mission","S_YOU_IC","10","9","10","As with the long-term goal - it is important for the company's vision and mission to be clear. This motivates employees and provides a clear framework for the activities. Good to see that you have already got this all together in your phase.","uniform-fill Esperto report, 2026-05-01","source stop directly observed; interior range inferred from five-level design"
"Q60","Employees know elevator pitch","S_YOU_IC","0","0","2","You'd be surprised to hear the stories and answers you get to the question ""What exactly does your company do?"". It is a good idea to formulate a common language and text - and to practice together. Everything will become clearer. Both internally as well as externally.","uniform-fill Esperto report, 2026-05-01","source stop directly observed; interior range inferred from five-level design"
"Q60","Employees know elevator pitch","S_YOU_IC","3","3","4","You'd be surprised to hear the stories and answers you get to the question ""What exactly does your company do?"". It is a good idea to formulate a common language and text - and to practice together. Everything will become clearer. Both internally as well as externally.","uniform-fill Esperto report, 2026-05-01","source stop directly observed; interior range inferred from five-level design"
"Q60","Employees know elevator pitch","S_YOU_IC","5","5","6","You'd be surprised to hear the stories and answers you get to the question ""What exactly does your company do?"". It is a good idea to formulate a common language and text - and to practice together. Everything will become clearer. Both internally as well as externally.","uniform-fill Esperto report, 2026-05-01","source stop directly observed; interior range inferred from five-level design"
"Q60","Employees know elevator pitch","S_YOU_IC","7","7","8","You'd be surprised to hear the stories and answers you get to the question ""What exactly does your company do?"". It is a good idea to formulate a common language and text - and to practice together. It's good that you have already gotten this far with it. We recommend that you check occasionally... don't be surprised to see what you get.","uniform-fill Esperto report, 2026-05-01","source stop directly observed; interior range inferred from five-level design"
"Q60","Employees know elevator pitch","S_YOU_IC","10","9","10","You'd be surprised to hear the stories and answers you get to the question ""What exactly does your company do?"". It is a good idea to formulate a common language and text - and to practice together. You have this under control and that's great. Primarily, don't forget to check and polish occasionally.","uniform-fill Esperto report, 2026-05-01","source stop directly observed; interior range inferred from five-level design"
"Q61","We frequently have company-wide meetings","S_YOU_IC","0","0","2","Research shows that it's crucial to communicate goals and performance to all employees, providing them with context regarding development. Face-to-face, with internal sessions works best. With internal sessions, in other words. With a company of your size this may seem too much ""overkill"" in information and process, but perhaps it would be good to start on it already.","uniform-fill Esperto report, 2026-05-01","source stop directly observed; interior range inferred from five-level design"
"Q61","We frequently have company-wide meetings","S_YOU_IC","3","3","4","Research shows that it's crucial to communicate goals and performance to all employees, providing them with context regarding development. Face-to-face, with internal sessions works best. With internal sessions, in other words. With a company of your size this may seem too much ""overkill"" in information and process, but perhaps it would be good to start on it already.","uniform-fill Esperto report, 2026-05-01","source stop directly observed; interior range inferred from five-level design"
"Q61","We frequently have company-wide meetings","S_YOU_IC","5","5","6","Research shows that it's crucial to communicate goals and performance to all employees, providing them with context regarding development. Face-to-face, with internal sessions works best. With internal sessions, in other words. You are already doing this, but still not often enough. We recommend that you increase the frequency of the sessions.","uniform-fill Esperto report, 2026-05-01","source stop directly observed; interior range inferred from five-level design"
"Q61","We frequently have company-wide meetings","S_YOU_IC","7","7","8","Research shows that it's crucial to communicate goals and performance to all employees, providing them with context regarding development. Face-to-face, with internal sessions works best. With internal sessions, in other words. You are already doing this, but perhaps still not often enough. More often is better... we recommend that you increase the frequency of the sessions.","uniform-fill Esperto report, 2026-05-01","source stop directly observed; interior range inferred from five-level design"
"Q61","We frequently have company-wide meetings","S_YOU_IC","10","9","10","Research shows that it's crucial to communicate goals and performance to all employees, providing them with context regarding development. Face-to-face, with internal sessions works best. With internal sessions, in other words. You are already doing this, and frequently. Try to keep this up, even in the face of continued growth.","uniform-fill Esperto report, 2026-05-01","source stop directly observed; interior range inferred from five-level design"
